SET FOREIGN_KEY_CHECKS = 0;

SET SQL_MODE="NO_AUTO_VALUE_ON_ZERO";

/*!40101 SET @OLD_CHARACTER_SET_CLIENT=@@CHARACTER_SET_CLIENT */;
/*!40101 SET @OLD_CHARACTER_SET_RESULTS=@@CHARACTER_SET_RESULTS */;
/*!40101 SET @OLD_COLLATION_CONNECTION=@@COLLATION_CONNECTION */;
/*!40101 SET NAMES utf8 */;


INSERT INTO `address` (`address_id`, `company_id`, `short_description`, `country_id`, `address_1`, `address_2`, `city`, `state_province_id`, `postal_code`, `created_by`, `creation_date`, `modified_by`, `modified_date`) VALUES
(1, 1, 'Main Office', 228, '2700 Stevenson Dr', '', 'Springfield', 14, '62703', 1, '2006-10-25 16:02:19', 1, '2006-10-25 19:07:32'),
(2, 2, 'Headquarters', 228, '3420 SW Cedar Hills Blvd', '', 'Beaverton', 38, '97005', 1, '2006-10-25 16:09:43', NULL, NULL),
(3, 3, 'US Office', 228, '3010 Wake Forest Rd', '', 'Raleigh', 34, '27609', 1, '2006-10-25 16:28:08', NULL, NULL),
(4, 3, 'UK Office', 227, '139-142 Westbourne Grove', '', 'London', NULL, '020 7229 4734', 1, '2006-10-25 16:30:44', NULL, NULL),
(5, 4, 'Main Office', 228, '950 W El Camino Real', '', 'Mountain View', 5, '94040', 1, '2006-10-25 16:58:51', NULL, NULL),
(6, 5, 'Shipping & Receiving', 228, '939 W Northern Lights Blvd', '', 'Anchorage', 2, '99503', 1, '2006-10-25 17:04:32', NULL, NULL),
(7, 6, 'East Coast Offices', 228, '331 Avenue of the Americas', '', 'New York', 33, '10014', 1, '2006-10-25 17:08:58', NULL, NULL),
(8, 6, 'West Coast Offices', 228, '200 Duboce Ave', '', 'San Francisco', 5, '94103', 1, '2006-10-25 17:09:44', NULL, NULL),
(9, 7, 'Headquarters', 228, '3310 State St, Bismarck', '', 'Bismarck', 35, '58503', 1, '2006-10-25 17:16:04', NULL, NULL),
(10, 8, 'Main Office', 228, '2440 S Maryland Pkwy', '', 'Las Vegas', 29, '89104', 1, '2006-10-25 17:23:41', NULL, NULL),
(11, 9, 'Shipping Address', 228, '3802 S Dale Mabry Hwy', '', 'Tampa', 10, '33611', 1, '2006-10-25 17:27:17', NULL, NULL),
(12, 10, 'Shipping Address', 228, '822 Grand Ave', '', 'San Diego', 5, '92109', 1, '2006-10-25 17:31:00', NULL, NULL),
(13, 11, 'Austin Address', 228, '1503 W 35th St,', '', 'Austin', 44, '78703', 1, '2006-10-25 17:35:59', NULL, NULL),
(14, 12, 'Seattle Address', 228, '535 Broadway E', '', 'Seattle', 48, '98102', 1, '2006-10-25 17:38:04', NULL, NULL),
(15, 13, 'Chicago Address', 228, '2575 N Clybourn Ave', '', 'Chicago', 14, '60614', 1, '2006-10-25 17:51:08', NULL, NULL),
(16, 14, 'Boston Address', 228, '700 Commonwealth Ave', '', 'Boston', 22, '02215', 1, '2006-10-25 17:54:42', NULL, NULL),
(17, 15, 'Headquarters', 228, '5801 S Vermont Ave', '', 'Los Angeles', 5, '90044', 1, '2006-10-31 11:51:29', 1, '2006-10-31 14:53:44'),
(18, 15, 'East Coast Office', 228, '2631 Skidaway Rd', '', 'Savannah', 11, '31404', 1, '2006-10-31 11:52:36', NULL, NULL),
(19, 16, 'Main', 228, ' 533 Second St. Suite 1', '', 'Highspire', 39, '17034', 1, '2008-05-01 14:56:16', NULL, NULL),
(20, 15, 'West Coast', 228, '101 Copperwood Way', 'Ste A', 'Oceanside', 5, '92054', 1, '2008-05-06 18:30:57', NULL, NULL),
(21, 17, 'Tulsa', 228, '12505-A East 55th Street', '', 'Tulsa', 37, '74146', 4, '2008-05-06 19:40:45', NULL, NULL),
(22, 18, 'Main', 228, '10531 Humbolt Street', '', 'Los Alamitos', 5, '90720', 1, '2008-05-06 20:11:57', NULL, NULL);


INSERT INTO `admin_setting` (`setting_id`, `short_description`, `value`) VALUES
(1, 'company_id', NULL),
(2, 'image_upload_prefix', NULL),
(4, 'company_logo', 'fictional.png'),
(5, 'packing_list_terms', NULL),
(6, 'packing_list_logo', NULL),
(7, 'min_asset_code', ''),
(9, 'autodetect_tracking_numbers', NULL),
(10, 'custom_shipment_numbers', ''),
(11, 'custom_receipt_numbers', ''),
(12, 'receive_to_last_location', NULL),
(13, 'portable_pin_required', '1'),
(14, 'user_limit', NULL),
(18, 'asset_limit', NULL),
(19, 'strict_checkin_policy', '1'),
(20, 'search_results_per_page', '20'),
(21, 'disable_logins', NULL),
(22, 'asset_tag_scale', '1'),
(23, 'asset_tag_height', '0'),
(24, 'check_out_to_other_users', '1'),
(25, 'check_out_to_contacts', '1'),
(26, 'due_date_required', ''),
(27, 'reason_required', '1'),
(28, 'default_check_out_period', '0');

INSERT INTO `asset` (`asset_id`, `parent_asset_id`, `asset_model_id`, `location_id`, `asset_code`, `image_path`, `checked_out_flag`, `reserved_flag`, `linked_flag`, `archived_flag`, `created_by`, `creation_date`, `modified_by`, `modified_date`) VALUES
(3, NULL, 2, 9, '60031002', NULL, NULL, NULL, NULL, NULL, 1, '2010-11-17 20:18:02', NULL, NULL),
(4, NULL, 2, 9, '60027777', NULL, NULL, '1', NULL, NULL, 1, '2010-11-17 20:18:02', 5, '2010-11-25 02:47:43'),
(5, NULL, 3, 10, '30020007', NULL, NULL, NULL, NULL, NULL, 1, '2010-11-17 20:18:02', NULL, NULL),
(6, NULL, 4, 8, '60021007', NULL, '0', NULL, NULL, NULL, 1, '2010-11-17 20:18:02', 5, '2010-11-25 02:43:42'),
(7, NULL, 4, 11, '60021008', NULL, NULL, NULL, NULL, NULL, 1, '2010-11-17 20:18:02', NULL, NULL),
(8, NULL, 4, 11, '60029999', NULL, NULL, NULL, NULL, NULL, 1, '2010-11-17 20:18:02', NULL, NULL),
(9, NULL, 5, 11, 'AA01', NULL, NULL, NULL, '0', NULL, 1, '2010-11-17 20:18:02', 5, '2010-11-25 02:30:44'),
(10, NULL, 5, 11, 'AA02', NULL, NULL, NULL, NULL, NULL, 1, '2010-11-17 20:18:02', NULL, NULL),
(11, 9, 6, 11, 'AGC01', NULL, NULL, NULL, '1', NULL, 1, '2010-11-17 20:18:02', 5, '2010-11-25 02:30:44'),
(12, NULL, 7, 7, 'AHD01', NULL, NULL, NULL, NULL, NULL, 1, '2010-11-17 20:18:02', NULL, NULL),
(13, 11, 8, 11, 'AIC01', NULL, NULL, NULL, '1', NULL, 1, '2010-11-17 20:18:02', 5, '2010-11-25 02:30:44'),
(14, NULL, 9, 12, '30021000', NULL, NULL, NULL, NULL, NULL, 1, '2010-11-17 20:18:02', NULL, NULL),
(15, NULL, 9, 12, '30021001', NULL, NULL, NULL, NULL, NULL, 1, '2010-11-17 20:18:02', NULL, NULL),
(16, NULL, 9, 13, '30021004', NULL, NULL, NULL, NULL, NULL, 1, '2010-11-17 20:18:02', 5, '2010-11-25 02:44:12'),
(17, NULL, 9, 13, '60021000', NULL, NULL, NULL, NULL, NULL, 1, '2010-11-17 20:18:02', NULL, NULL),
(18, NULL, 9, 13, '60021001', NULL, NULL, NULL, NULL, NULL, 1, '2010-11-17 20:18:02', NULL, NULL),
(19, NULL, 9, 13, '60021002', NULL, NULL, NULL, NULL, NULL, 1, '2010-11-17 20:18:02', NULL, NULL),
(20, NULL, 9, 13, '60021003', NULL, NULL, NULL, NULL, NULL, 1, '2010-11-17 20:18:02', NULL, NULL),
(21, NULL, 9, 13, '60021004', NULL, NULL, NULL, NULL, NULL, 1, '2010-11-17 20:18:02', NULL, NULL),
(22, NULL, 9, 13, 'PO Hamish012908', NULL, NULL, NULL, NULL, NULL, 1, '2010-11-17 20:18:02', NULL, NULL),
(23, NULL, 10, 14, '10005009', NULL, NULL, NULL, NULL, NULL, 1, '2010-11-17 20:18:02', NULL, NULL),
(24, NULL, 10, 15, '10005002', NULL, NULL, NULL, NULL, NULL, 1, '2010-11-17 20:18:02', NULL, NULL),
(25, NULL, 10, 16, '10005004', NULL, NULL, NULL, NULL, NULL, 1, '2010-11-17 20:18:02', NULL, NULL),
(26, NULL, 10, 17, '10004394', NULL, NULL, NULL, NULL, NULL, 1, '2010-11-17 20:18:02', NULL, NULL),
(27, NULL, 10, 18, '10005947', NULL, NULL, NULL, NULL, NULL, 1, '2010-11-17 20:18:02', NULL, NULL),
(28, NULL, 10, 19, '10005937', NULL, NULL, NULL, NULL, NULL, 1, '2010-11-17 20:18:02', NULL, NULL),
(29, NULL, 11, 20, '10004002', NULL, NULL, NULL, NULL, NULL, 1, '2010-11-17 20:18:02', NULL, NULL),
(30, NULL, 11, 21, '10005021', NULL, NULL, NULL, NULL, NULL, 1, '2010-11-17 20:18:02', NULL, NULL),
(31, NULL, 11, 22, '10005098', NULL, NULL, NULL, NULL, NULL, 1, '2010-11-17 20:18:02', NULL, NULL),
(32, NULL, 12, 1, '10002001', NULL, '1', NULL, NULL, NULL, 1, '2010-11-17 20:18:02', 1, '2011-09-09 23:15:07'),
(33, NULL, 12, 23, '10008002', NULL, NULL, NULL, NULL, NULL, 1, '2010-11-17 20:18:02', NULL, NULL),
(34, NULL, 12, 23, '10005987', NULL, NULL, NULL, NULL, NULL, 1, '2010-11-17 20:18:02', NULL, NULL),
(35, NULL, 12, 23, '10005076', NULL, NULL, NULL, NULL, NULL, 1, '2010-11-17 20:18:02', NULL, NULL),
(36, NULL, 12, 23, '10005977', NULL, NULL, NULL, NULL, NULL, 1, '2010-11-17 20:18:02', NULL, NULL),
(37, NULL, 13, 24, '10005033', NULL, NULL, NULL, '0', NULL, 1, '2010-11-17 20:18:02', 1, '2011-03-23 03:29:33'),
(38, NULL, 13, 25, '10005034', NULL, NULL, NULL, NULL, NULL, 1, '2010-11-17 20:18:02', NULL, NULL),
(39, NULL, 13, 26, '10005032', NULL, NULL, NULL, NULL, NULL, 1, '2010-11-17 20:18:02', NULL, NULL),
(40, NULL, 13, 27, '10005776', NULL, NULL, NULL, NULL, NULL, 1, '2010-11-17 20:18:02', NULL, NULL),
(41, NULL, 13, 28, '10005633', NULL, NULL, NULL, NULL, NULL, 1, '2010-11-17 20:18:02', NULL, NULL),
(42, 37, 14, 29, '30020004', NULL, NULL, NULL, '0', NULL, 1, '2010-11-17 20:18:02', 1, '2011-03-23 03:29:33'),
(43, 37, 14, 29, '30020005', NULL, NULL, NULL, '0', NULL, 1, '2010-11-17 20:18:02', 1, '2011-03-23 03:29:33'),
(44, 37, 14, 29, '30020006', NULL, NULL, NULL, '0', NULL, 1, '2010-11-17 20:18:02', 1, '2011-03-23 03:29:33'),
(45, NULL, 15, 30, '10005039', NULL, NULL, NULL, NULL, NULL, 1, '2010-11-17 20:18:02', NULL, NULL),
(46, NULL, 15, 31, '10005038', NULL, NULL, NULL, NULL, NULL, 1, '2010-11-17 20:18:02', NULL, NULL),
(47, NULL, 15, 32, '10005031', NULL, NULL, NULL, NULL, NULL, 1, '2010-11-17 20:18:02', NULL, NULL),
(48, NULL, 16, 33, '10005093', NULL, NULL, NULL, NULL, NULL, 1, '2010-11-17 20:18:02', NULL, NULL),
(49, NULL, 16, 34, '10005088', NULL, NULL, NULL, NULL, NULL, 1, '2010-11-17 20:18:02', NULL, NULL),
(50, NULL, 16, 35, '10009844', NULL, NULL, NULL, NULL, NULL, 1, '2010-11-17 20:18:02', NULL, NULL),
(51, NULL, 16, 36, '10005921', NULL, NULL, NULL, NULL, NULL, 1, '2010-11-17 20:18:02', NULL, NULL),
(52, NULL, 16, 37, '10005738', NULL, NULL, NULL, NULL, NULL, 1, '2010-11-17 20:18:02', NULL, NULL),
(53, NULL, 17, 38, '10005733', NULL, NULL, NULL, NULL, NULL, 1, '2010-11-17 20:18:02', NULL, NULL),
(54, NULL, 17, 38, '10005732', NULL, NULL, NULL, NULL, NULL, 1, '2010-11-17 20:18:02', NULL, NULL),
(55, NULL, 17, 38, '10005761', NULL, NULL, NULL, NULL, NULL, 1, '2010-11-17 20:18:02', NULL, NULL),
(56, NULL, 17, 38, '10005877', NULL, NULL, NULL, NULL, NULL, 1, '2010-11-17 20:18:02', NULL, NULL),
(57, NULL, 15, 8, '60030513', NULL, NULL, NULL, '0', NULL, 1, '2011-09-20 18:25:07', NULL, NULL),
(58, NULL, 15, 8, '60030514', NULL, NULL, NULL, '0', NULL, 1, '2011-09-20 18:25:20', NULL, NULL),
(59, NULL, 15, 8, '60030515', NULL, NULL, NULL, '0', NULL, 1, '2011-09-20 18:25:32', NULL, NULL),
(60, NULL, 15, 8, '60030516', NULL, NULL, NULL, '0', NULL, 1, '2011-09-20 18:25:45', NULL, NULL),
(61, NULL, 20, 39, '1', NULL, NULL, NULL, NULL, NULL, 1, '2011-10-27 19:22:52', NULL, NULL),
(62, NULL, 21, 39, '2', NULL, NULL, NULL, NULL, NULL, 1, '2011-10-27 19:22:52', NULL, NULL),
(63, NULL, 22, 39, '3', NULL, NULL, NULL, NULL, NULL, 1, '2011-10-27 19:22:52', NULL, NULL),
(64, NULL, 23, 39, '4', NULL, NULL, NULL, NULL, NULL, 1, '2011-10-27 19:22:52', NULL, NULL),
(65, NULL, 24, 39, '5', NULL, NULL, NULL, NULL, NULL, 1, '2011-10-27 19:22:52', NULL, NULL),
(66, NULL, 25, 39, '6', NULL, NULL, NULL, NULL, NULL, 1, '2011-10-27 19:22:52', NULL, NULL),
(67, NULL, 26, 39, '7', NULL, NULL, NULL, NULL, NULL, 1, '2011-10-27 19:22:52', NULL, NULL),
(68, NULL, 26, 39, '8', NULL, NULL, NULL, NULL, NULL, 1, '2011-10-27 19:22:52', NULL, NULL),
(69, NULL, 27, 39, '9', NULL, NULL, NULL, NULL, NULL, 1, '2011-10-27 19:22:52', NULL, NULL),
(70, NULL, 28, 39, '10', NULL, NULL, NULL, NULL, NULL, 1, '2011-10-27 19:22:52', NULL, NULL),
(71, NULL, 29, 40, '00001', NULL, NULL, NULL, '0', NULL, 8, '2011-11-16 16:28:51', NULL, NULL);

INSERT INTO `asset_custom_field_helper` (`asset_id`, `cfv_1`, `cfv_2`, `cfv_3`, `cfv_4`, `cfv_5`, `cfv_6`, `cfv_7`, `cfv_8`) VALUES
(3, 'Needs Repairs', 'purchased from retired echo tech. drop out, right side.', NULL, NULL, NULL, NULL, NULL, NULL),
(4, 'Refurbished', NULL, NULL, NULL, NULL, NULL, NULL, NULL),
(5, 'New', 'Purchased new. Sell! Sell!', NULL, NULL, NULL, NULL, NULL, NULL),
(6, 'Used', 'good cond.', NULL, NULL, NULL, NULL, NULL, NULL),
(7, 'Used', 'good cond.', NULL, NULL, NULL, NULL, NULL, NULL),
(8, 'Refurbished', 'on consignment. - hamish', NULL, NULL, NULL, NULL, NULL, NULL),
(9, '', 'N/A', NULL, NULL, NULL, NULL, NULL, NULL),
(10, NULL, 'N/A', NULL, NULL, NULL, NULL, NULL, NULL),
(11, '', 'N/A', NULL, NULL, NULL, NULL, NULL, NULL),
(12, NULL, 'N/A', NULL, NULL, NULL, NULL, NULL, NULL),
(13, NULL, 'N/A', NULL, NULL, NULL, NULL, NULL, NULL),
(14, 'Refurbished', 'Refurbed & ready to ship.', NULL, NULL, NULL, NULL, NULL, NULL),
(15, 'Refurbished', 'Refurbed & ready to ship.', NULL, NULL, NULL, NULL, NULL, NULL),
(16, 'Refurbished', 'Refurbed & ready to ship.', NULL, NULL, NULL, NULL, NULL, NULL),
(17, 'Needs Repairs', 'Needs to be refurbed guys! - hamish', NULL, NULL, NULL, NULL, NULL, NULL),
(18, 'Needs Repairs', 'Needs to be refurbed guys! - hamish', NULL, NULL, NULL, NULL, NULL, NULL),
(19, 'Needs Repairs', 'Needs to be refurbed guys! - hamish', NULL, NULL, NULL, NULL, NULL, NULL),
(20, 'Needs Repairs', 'Needs to be refurbed guys! - hamish', NULL, NULL, NULL, NULL, NULL, NULL),
(21, 'Needs Repairs', 'Needs to be refurbed guys! - hamish', NULL, NULL, NULL, NULL, NULL, NULL),
(22, NULL, NULL, NULL, NULL, NULL, NULL, NULL, NULL),
(23, 'New', 'No need to calibrate - test results were perfect.', NULL, NULL, NULL, NULL, NULL, NULL),
(24, 'Needs Repairs', 'Currently unusable until repairs can be made.', NULL, NULL, NULL, NULL, NULL, NULL),
(25, 'Used', NULL, NULL, NULL, NULL, NULL, NULL, NULL),
(26, 'Used', NULL, NULL, NULL, NULL, NULL, NULL, NULL),
(27, 'Used', NULL, NULL, NULL, NULL, NULL, NULL, NULL),
(28, 'Used', NULL, NULL, NULL, NULL, NULL, NULL, NULL),
(29, 'Used', 'Our best digital survey radar. Please be careful with it.', NULL, NULL, NULL, NULL, NULL, NULL),
(30, 'Refurbished', NULL, NULL, NULL, NULL, NULL, NULL, NULL),
(31, 'Refurbished', NULL, NULL, NULL, NULL, NULL, NULL, NULL),
(32, 'New', 'HR record for Victoria Stevens.', NULL, NULL, NULL, NULL, NULL, NULL),
(33, 'New', 'HR record for Nancy Newton.', NULL, NULL, NULL, NULL, NULL, NULL),
(34, 'New', 'HR record for Curt Barnes.', NULL, NULL, NULL, NULL, NULL, NULL),
(35, 'New', 'HR record for Damien Thompson', NULL, NULL, NULL, NULL, NULL, NULL),
(36, 'New', 'HR record for Frank Zinn.', NULL, NULL, NULL, NULL, NULL, NULL),
(37, 'Used', '', NULL, NULL, NULL, NULL, NULL, NULL),
(38, 'Used', NULL, NULL, NULL, NULL, NULL, NULL, NULL),
(39, 'Needs Repairs', NULL, NULL, NULL, NULL, NULL, NULL, NULL),
(40, 'New', NULL, NULL, NULL, NULL, NULL, NULL, NULL),
(41, 'Refurbished', NULL, NULL, NULL, NULL, NULL, NULL, NULL),
(42, 'Used', 'beautiful. end user ONLY. ** CALL HAMISH FOR PRICING ON THIS ONE **', NULL, NULL, NULL, NULL, NULL, NULL),
(43, 'Used', 'wetsco repaired this, i think.', NULL, NULL, NULL, NULL, NULL, NULL),
(44, 'Used', 'purchased from acme.', NULL, NULL, NULL, NULL, NULL, NULL),
(45, 'New', NULL, NULL, NULL, NULL, NULL, NULL, NULL),
(46, 'Used', NULL, NULL, NULL, NULL, NULL, NULL, NULL),
(47, 'Used', NULL, NULL, NULL, NULL, NULL, NULL, NULL),
(48, 'Used', NULL, NULL, NULL, NULL, NULL, NULL, NULL),
(49, 'Used', NULL, NULL, NULL, NULL, NULL, NULL, NULL),
(50, 'Used', NULL, NULL, NULL, NULL, NULL, NULL, NULL),
(51, 'Used', NULL, NULL, NULL, NULL, NULL, NULL, NULL),
(52, 'New', NULL, NULL, NULL, NULL, NULL, NULL, NULL),
(53, 'New', NULL, NULL, NULL, NULL, NULL, NULL, NULL),
(54, 'New', NULL, NULL, NULL, NULL, NULL, NULL, NULL),
(55, 'New', NULL, NULL, NULL, NULL, NULL, NULL, NULL),
(56, 'New', NULL, NULL, NULL, NULL, NULL, NULL, NULL),
(57, '', '', '', NULL, NULL, NULL, NULL, NULL),
(58, '', '', '', NULL, NULL, NULL, NULL, NULL),
(59, '', '', '', NULL, NULL, NULL, NULL, NULL),
(60, '', '', '', NULL, NULL, NULL, NULL, NULL),
(61, NULL, NULL, NULL, NULL, 'Avid 008328', '6/8/2010', NULL, NULL),
(62, NULL, NULL, NULL, NULL, 'Avid006881', '5/21/2010', NULL, NULL),
(63, NULL, NULL, NULL, NULL, 'Avid007350', '5/21/2010', NULL, NULL),
(64, NULL, NULL, NULL, NULL, 'Avid007316', '5/21/2010', NULL, NULL),
(65, NULL, NULL, NULL, NULL, '1619', '5/21/2010', NULL, NULL),
(66, NULL, NULL, NULL, NULL, '1619', '5/14/2010', NULL, NULL),
(67, NULL, NULL, NULL, NULL, 'NL00001911', '5/14/2010', NULL, NULL),
(68, NULL, NULL, NULL, NULL, 'Avid003437', '5/14/2010', NULL, NULL),
(69, NULL, NULL, NULL, NULL, 'Avid 003918', '6/8/2010', NULL, NULL),
(70, NULL, NULL, NULL, NULL, 'Avid006918', '5/21/2010', NULL, NULL),
(71, '', '', NULL, '', '', '', '', 'NONAME1');

INSERT INTO `asset_model` (`asset_model_id`, `category_id`, `manufacturer_id`, `asset_model_code`, `short_description`, `long_description`, `image_path`, `created_by`, `creation_date`, `modified_by`, `modified_date`) VALUES
(1, 1, 1, '41113', '15L8W - Sequoia', '', NULL, 1, '2010-11-17 20:18:02', NULL, NULL),
(2, 1, 1, '57498', '4C1 - Aspen', '', NULL, 1, '2010-11-17 20:18:02', NULL, NULL),
(3, 1, 1, '52103', '4V1 - Aspen', '', NULL, 1, '2010-11-17 20:18:02', NULL, NULL),
(4, 1, 1, '42499', '4V2c - Aspen', '', NULL, 1, '2010-11-17 20:18:02', NULL, NULL),
(5, 2, 2, 'AA', 'A COMPUTER', '', NULL, 1, '2010-11-17 20:18:02', NULL, NULL),
(6, 3, 2, 'AGC', 'A GRAPHICS CARD', '', NULL, 1, '2010-11-17 20:18:02', NULL, NULL),
(7, 4, 2, 'AHD', 'A HARD DRIVE', '', NULL, 1, '2010-11-17 20:18:02', NULL, NULL),
(8, 5, 2, 'AIC', 'AN IC CHIP', '', NULL, 1, '2010-11-17 20:18:02', NULL, NULL),
(9, 6, 1, 'xxxxx', 'Aspen Advanced Imagegate', '', NULL, 1, '2010-11-17 20:18:02', NULL, NULL),
(10, 7, 3, 'CVG100', 'Cavitation Vortex Generator', '', NULL, 1, '2010-11-17 20:18:02', NULL, NULL),
(11, 7, 4, 'DSR5000', 'Digital Survey Radar', '', NULL, 1, '2010-11-17 20:18:02', NULL, NULL),
(12, 8, 5, 'HR01', 'HR Employee Record', '', NULL, 1, '2010-11-17 20:18:02', NULL, NULL),
(13, 9, 6, 'STHC4400', 'Hydraulic Crane', '', NULL, 1, '2010-11-17 20:18:02', NULL, NULL),
(14, 1, 1, '29029', 'L5', '', NULL, 1, '2010-11-17 20:18:02', NULL, NULL),
(15, 7, 3, 'PLR88', 'Laser Rangefinder', '', NULL, 1, '2010-11-17 20:18:02', NULL, NULL),
(16, 9, 6, 'STWL9700', 'Wheel Loader', '', NULL, 1, '2010-11-17 20:18:02', NULL, NULL),
(17, 7, 3, 'WRIRGT90', 'Wide Range Infrared Gun Thermometer', '', NULL, 1, '2010-11-17 20:18:02', NULL, NULL),
(20, 10, 7, '', 'Adobe CS4 Pack', '', NULL, 1, '2011-10-27 19:22:52', NULL, NULL),
(21, 11, 8, '', 'UPS', '', NULL, 1, '2011-10-27 19:22:52', NULL, NULL),
(22, 12, 9, '', 'Dongle', '', NULL, 1, '2011-10-27 19:22:52', NULL, NULL),
(23, 12, 9, '', 'nitris DX BOB', '', NULL, 1, '2011-10-27 19:22:52', NULL, NULL),
(24, 13, 9, '7456_0403', 'DX Cable', '', NULL, 1, '2011-10-27 19:22:52', NULL, NULL),
(25, 14, 10, '404260144', 'Remote ABC Switch', '', NULL, 1, '2011-10-27 19:22:52', NULL, NULL),
(26, 15, 11, '', 'Speaker', '', NULL, 1, '2011-10-27 19:22:52', NULL, NULL),
(27, 2, 12, '', 'CPU', '', NULL, 1, '2011-10-27 19:22:52', NULL, NULL),
(28, 2, 12, '', 'keyboard', '', NULL, 1, '2011-10-27 19:22:52', NULL, NULL),
(29, 15, 4, 'VERIZON', 'SIM CARDS', 'SIM CARDS', NULL, 8, '2011-11-16 16:21:27', NULL, NULL);

INSERT INTO `asset_model_custom_field_helper` (`asset_model_id`) VALUES
(1),
(2),
(3),
(4),
(5),
(6),
(7),
(8),
(9),
(10),
(11),
(12),
(13),
(14),
(15),
(16),
(17),
(20),
(21),
(22),
(23),
(24),
(25),
(26),
(27),
(28),
(29);

INSERT INTO `asset_transaction` (`asset_transaction_id`, `asset_id`, `transaction_id`, `parent_asset_transaction_id`, `source_location_id`, `destination_location_id`, `new_asset_flag`, `new_asset_id`, `schedule_receipt_flag`, `schedule_receipt_due_date`, `created_by`, `creation_date`, `modified_by`, `modified_date`) VALUES
(1, 11, 1, NULL, 7, 11, NULL, NULL, NULL, NULL, 5, '2010-11-24 15:30:44', NULL, NULL),
(2, 13, 1, NULL, 7, 11, NULL, NULL, NULL, NULL, 5, '2010-11-24 15:30:44', NULL, NULL),
(3, 9, 1, NULL, 7, 11, NULL, NULL, NULL, NULL, 5, '2010-11-24 15:30:44', NULL, NULL),
(7, 6, 5, NULL, 1, 1, NULL, NULL, NULL, NULL, 5, '2010-11-24 15:43:27', NULL, NULL),
(8, 6, 6, NULL, 1, 8, NULL, NULL, NULL, NULL, 5, '2010-11-24 15:43:42', NULL, NULL),
(9, 16, 7, NULL, 1, 13, NULL, NULL, NULL, NULL, 5, '2010-11-24 15:44:12', NULL, NULL),
(11, 4, 9, NULL, 9, 9, NULL, NULL, NULL, NULL, 5, '2010-11-24 15:47:43', NULL, NULL),
(14, 32, 12, NULL, 23, 1, NULL, NULL, NULL, NULL, 1, '2011-09-09 13:15:06', NULL, NULL);

INSERT INTO `asset_transaction_checkout` (`asset_transaction_checkout_id`, `asset_transaction_id`, `to_contact_id`, `to_user_id`, `due_date`, `created_by`, `creation_date`, `modified_by`, `modified_date`) VALUES
(1, 14, 1, NULL, NULL, 1, '2011-09-09 13:15:06', NULL, '2011-09-09 23:20:54');

INSERT INTO `attachment` (`attachment_id`, `entity_qtype_id`, `entity_id`, `filename`, `tmp_filename`, `file_type`, `path`, `SIZE`, `created_by`, `creation_date`) VALUES
(1, 1, 1, 'TransducerEval.pdf', 'phpQ0LLWm3388.pdf', 'application/pdf', 'http://s3.amazonaws.com/tracmor-hosted/hamish/attachments/phpQ0LLWm3388.pdf', 49421, 5, '2010-11-24 15:37:25'),
(2, 1, 3, 'TransducerEval.pdf', 'phpFz8Vee6142.pdf', 'application/pdf', 'http://s3.amazonaws.com/tracmor-hosted/hamish/attachments/phpFz8Vee6142.pdf', 49421, 5, '2010-11-24 15:45:30'),
(3, 1, 5, 'TransducerEval.pdf', 'phpd4ohu52827.pdf', 'application/pdf', 'http://s3.amazonaws.com/tracmor-hosted/hamish/attachments/phpd4ohu52827.pdf', 49421, 5, '2010-11-24 15:45:53'),
(4, 11, 1, 'POD1.pdf', 'php1vgeiy9615.pdf', 'application/pdf', 'http://s3.amazonaws.com/tracmor-hosted/hamish/attachments/php1vgeiy9615.pdf', 257120, 5, '2010-11-24 15:53:41'),
(5, 1, 1, 'AAPSInvoicepaymenthistoryandbalance.pdf', 'php8bNghs2385.pdf', 'application/pdf', 'http://s3.amazonaws.com/tracmor-hosted/hamish/attachments/php8bNghs2385.pdf', 130191, 1, '2011-09-14 10:48:07'),
(6, 10, 1, 'AAPSInvoicepaymenthistoryandbalance.pdf', 'phpAU4xqi2563.pdf', 'application/pdf', 'http://s3.amazonaws.com/tracmor-hosted/hamish/attachments/phpAU4xqi2563.pdf', 130191, 1, '2011-09-14 10:49:16'),
(7, 10, 1, 'Intuit.pdf', 'php6GDM3D1399.pdf', 'application/pdf', 'http://s3.amazonaws.com/tracmor-hosted/hamish/attachments/php6GDM3D1399.pdf', 12432, 1, '2011-09-14 10:49:27');



INSERT INTO `authorization` (`authorization_id`, `short_description`) VALUES
(1, 'view'),
(2, 'edit'),
(3, 'delete');

INSERT INTO `authorization_level` (`authorization_level_id`, `short_description`) VALUES
(1, 'all'),
(2, 'owner'),
(3, 'none');

INSERT INTO `category` (`category_id`, `short_description`, `long_description`, `image_path`, `asset_flag`, `inventory_flag`, `created_by`, `creation_date`, `modified_by`, `modified_date`) VALUES
(1, 'Ultrasound Transducer', NULL, NULL, '1', '1', 1, '2010-11-17 20:18:01', NULL, NULL),
(2, 'COMPUTER', NULL, NULL, '1', '1', 1, '2010-11-17 20:18:01', NULL, NULL),
(3, 'GRAPHICS CARD', NULL, NULL, '1', '1', 1, '2010-11-17 20:18:01', NULL, NULL),
(4, 'HD', NULL, NULL, '1', '1', 1, '2010-11-17 20:18:01', NULL, NULL),
(5, 'IC CHIP', NULL, NULL, '1', '1', 1, '2010-11-17 20:18:01', NULL, NULL),
(6, 'Ultrasound System', NULL, NULL, '1', '1', 1, '2010-11-17 20:18:01', NULL, NULL),
(7, 'Tool', NULL, NULL, '1', '1', 1, '2010-11-17 20:18:01', NULL, NULL),
(8, 'Document', NULL, NULL, '1', '1', 1, '2010-11-17 20:18:01', NULL, NULL),
(9, 'Vehicle', NULL, NULL, '1', '1', 1, '2010-11-17 20:18:01', NULL, NULL),
(10, 'Software', NULL, NULL, '1', '1', 1, '2011-10-27 19:22:51', NULL, NULL),
(11, 'Power', NULL, NULL, '1', '1', 1, '2011-10-27 19:22:51', NULL, NULL),
(12, 'Avid Hardware', NULL, NULL, '1', '1', 1, '2011-10-27 19:22:51', NULL, NULL),
(13, 'Cabling', NULL, NULL, '1', '1', 1, '2011-10-27 19:22:51', NULL, NULL),
(14, 'Misc. Hardware', NULL, NULL, '1', '1', 1, '2011-10-27 19:22:51', NULL, NULL),
(15, 'Audio', NULL, NULL, '1', '1', 1, '2011-10-27 19:22:51', NULL, NULL);

INSERT INTO `category_custom_field_helper` (`category_id`) VALUES
(1),
(2),
(3),
(4),
(5),
(6),
(7),
(8),
(9),
(10),
(11),
(12),
(13),
(14),
(15);

INSERT INTO `company` (`company_id`, `address_id`, `short_description`, `website`, `telephone`, `fax`, `email`, `long_description`, `created_by`, `creation_date`, `modified_by`, `modified_date`) VALUES
(1, 1, 'UltraCo', 'http://www.ultraco.com', '(555)-522-9090', '(555)-522-9191', 'contact@ultraco.com', '', 1, '2006-10-25 16:02:19', 1, '2006-10-25 19:02:20'),
(2, 2, 'Acme Corporation', 'http://www.acme.com', '(555) 989-1102', '(555) 933-1023', 'contact@acme.com', '', 1, '2006-10-25 16:06:10', 1, '2006-10-25 19:09:59'),
(3, 3, 'SuperTech', 'http://www.supertech.com', '(555) 937-2847', '(555) 274-2874', 'admin@supertech.com', '', 1, '2006-10-25 16:28:08', 1, '2006-10-25 19:28:08'),
(4, 5, 'Binary Industries', 'http://www.binaryind.com', '(555) 448-2099', '(555) 288-2022', 'contact@binaryind.com', '', 1, '2006-10-25 16:58:51', 1, '2006-10-25 19:58:51'),
(5, 6, 'Computer Experts Inc.', 'http://computerexperts.com', '(555) 338-0991', '(555) 338-1100', 'contact@computerexperts.com', '', 1, '2006-10-25 17:04:32', 1, '2006-10-25 20:04:44'),
(6, 7, 'Pegasus Systems', 'http://www.pegasys.com', '(555) 477-0099', '(555) 327-0091', 'greetings@pegasys.com', '', 1, '2006-10-25 17:08:58', 1, '2006-10-25 20:08:58'),
(7, 9, 'Zenith Widget Manufacturing', 'http://www.zwm.com', '(555) 382-0282', '(555) 383-9988', 'contact@zwm.com', '', 1, '2006-10-25 17:16:04', 1, '2006-10-25 20:16:04'),
(8, 10, 'Digital Data Services', 'http://ddservices.com', '(555) 332-0199', '(555) 438-2984', 'contact@ddservices.com', '', 1, '2006-10-25 17:23:40', 1, '2006-10-25 20:23:41'),
(9, 11, 'Enterprise Associates', 'http://www.enterpriseassoc.com', '(555) 288-2084', '(555) 382-0385', 'http://contact@enterpriseassoc.com', '', 1, '2006-10-25 17:27:17', 1, '2006-10-25 20:27:17'),
(10, 12, 'Financial Freedom Foundation', 'http://fff.org', '(555) 383-0092', '(555) 383-0001', 'http://contact@fff.org', '', 1, '2006-10-25 17:31:00', 1, '2006-10-25 20:31:00'),
(11, 13, 'Gordon Industrial', 'http://www.gordanindustrial.com', '(555) 550-5055', '(555) 383-4049', 'contact@gordonindustrial.com', '', 1, '2006-10-25 17:35:59', 1, '2006-10-25 20:35:59'),
(12, 14, 'High Tech Productions', 'http://hitechproductions.com', '(555) 333-0404', '(555) 484-3039', 'contact@hitechproductions.com', '', 1, '2006-10-25 17:38:04', 1, '2006-10-25 20:38:04'),
(13, 15, 'Icarus Industries', 'http://icarusindustries.com', '(555) 333-3332', '(555) 444-5543', 'contact@icarusindustries.com', '', 1, '2006-10-25 17:51:07', 1, '2006-10-25 20:51:08'),
(14, 16, 'Journey Ventures', 'http://journeyventures.com', '(555) 323-0099', '(555) 332-2092', 'contact@journeyventures.com', '', 1, '2006-10-25 17:54:42', 1, '2006-10-25 20:54:42'),
(15, 17, 'Fictional Inc.', 'http://www.fictional.com', '(555) 228-3917', '(555) 344-3998', 'contact@fictional.com', '', 1, '2006-10-31 11:51:29', 1, '2006-10-31 14:51:29'),
(16, 19, 'Trisonics, Inc', 'www.trisonics.com', '877-876-6427', '717-939-6864', 'info@trisonics.com', 'Trisonics can better address your ultrasound service needs since our only focus is ultrasound. We are the ultrasound experts for multi-vendor system repair. We will provide you a cost effective solution for keeping your ultrasound equipment operating at peak performance.', 1, '2008-05-01 14:56:16', 1, '2008-08-11 22:18:26'),
(17, 21, 'Wetsco, Inc.', '', '918-459-3844', '', '', 'Transducer Repair Facility', 4, '2008-05-06 19:40:45', 1, '2008-08-11 22:18:03'),
(18, 22, 'Medisales, LLC', '', '866-318-6334', '', '', '', 1, '2008-05-06 20:11:57', 1, '2008-05-07 02:11:57');


INSERT INTO `contact` (`contact_id`, `company_id`, `address_id`, `first_name`, `last_name`, `title`, `email`, `phone_office`, `phone_home`, `phone_mobile`, `fax`, `description`, `created_by`, `creation_date`, `modified_by`, `modified_date`) VALUES
(1, 1, 1, 'Earl', 'Eberd', 'VP Engineering', 'earl.eberd@ultraco.com', '(555) 939-0099', '(555) 988-0211', '(555) 939-0999', '(555) 939-1112', '', 1, '2006-10-25 16:04:26', NULL, NULL),
(2, 2, 2, 'Charles', 'Vanderbilt', 'VP Sales', 'charles.enchew@acme.com', '(555) 338-2832', '(555) 323-2212', '(555) 443-2221', '(555) 857-2984', '', 1, '2006-10-25 16:11:02', 1, '2006-10-25 19:12:17'),
(3, 2, 2, 'Susan', 'Swanson', 'Director of Marketing', 'susan.swanson@acme.com', '(555) 448-3321', '(555) 323-6494', '(555) 487-2988', '(555) 487-5992', '', 1, '2006-10-25 16:11:56', NULL, NULL),
(4, 3, 3, 'Stanley', 'Finch', 'CEO', 'sfinch@supertech.com', '(555) 338-2212', '(555) 238-3985', '(555) 274-2870', '(555) 327-4987', '', 1, '2006-10-25 16:28:59', NULL, NULL),
(5, 3, 4, 'William', 'Walton', 'CFO', 'wwalton@supertech.com', '(555) 548-3094', '(555) 487-2098', '(555) 475-2990', '(555) 487-2998', '', 1, '2006-10-25 16:56:06', NULL, NULL),
(6, 5, 6, 'Victor', 'Albertson', 'Operations Manager', 'v.albertson@computerexperts.com', '(555) 229-0092', '(555) 348-3948', '(555) 827-3841', '(555) 232-1009', '', 1, '2006-10-25 17:05:54', NULL, NULL),
(7, 6, 7, 'Ellaine', 'Smithers', 'VP Operations', 'ellain.smithers@pegasys.com', '(555) 222-1009', '(555) 882-2088', '(555) 287-9987', '(555) 221-0998', '', 1, '2006-10-25 17:11:39', NULL, NULL),
(8, 6, 8, 'Janet', 'Jones', 'Director of Sales', 'janet.jones@pegasys.com', '(555) 221-0843', '(555) 283-9238', '(555) 437-2982', '(555) 282-4810', '', 1, '2006-10-25 17:12:30', NULL, NULL),
(9, 7, 9, 'Jennifer', 'Khan', 'Director of Marketing', 'jennifer.khan@zwm.com', '(555) 228-9438', '(555) 337-2874', '(555) 387-9882', '(555) 288-2998', '', 1, '2006-10-25 17:18:36', NULL, NULL),
(10, 9, 11, 'Amelia', 'Tabalbag', 'Sales Associate', 'atabalbag@enterpriseassoc.com', '(555) 383-0393', '(555) 383-3921', '(555) 383-1112', '(555) 293-3099', '', 1, '2006-10-25 17:28:33', NULL, NULL),
(11, 10, 12, 'Franklin', 'Benjamin', 'CFO', 'franklin@fff.org', '(555) 838-0091', '(555) 328-1021', '(555) 383-2922', '(555) 222-2211', '', 1, '2006-10-25 17:31:46', NULL, NULL),
(12, 12, 14, 'Hillary', 'Morgan', 'CEO', 'hmorgan@hitechproductions.com', '(555) 383-2009', '(555) 221-1101', '(555) 848-0999', '(555) 333-2223', '', 1, '2006-10-25 17:39:05', NULL, NULL),
(13, 13, 15, 'Barney', 'Clinkenbeard', 'Operations Manager', 'bclinkenbeard@icarusindustries.com', '(555) 222-2213', '(555) 488-3009', '(555) 343-3002', '(555) 443-2022', '', 1, '2006-10-25 17:52:55', NULL, NULL),
(14, 14, 16, 'Justice', 'London', 'CEO', 'justice@journeyventures.com', '(555) 222-2093', '(555) 282-9484', '(555) 383-2097', '(555) 275-3853', '', 1, '2006-10-25 17:55:45', NULL, NULL),
(15, 15, 17, 'Curt', 'Barnes', 'Sales Associate', 'cbarnes@fictional.com', '(555) 283-3084', '(555) 382-2947', '(555) 387-3999', '(555) 438-3988', '', 1, '2006-10-31 11:54:57', NULL, NULL),
(16, 15, 18, 'Damien', 'Thompson', 'Sales Associate', 'dthompson@fictional.com', '(555) 348-3332', '(555) 383-9399', '(555) 388-0022', '(555) 488-0977', '', 1, '2006-10-31 11:56:28', NULL, NULL),
(17, 15, 17, 'Frank', 'Zinn', 'Shipping & Receiving Manager', 'fzinn@fictional.com', '(555) 883-3009', '(555) 383-0098', '(555) 383-9988', '(555) 229-0990', '', 1, '2006-10-31 11:57:48', NULL, NULL),
(18, 15, 17, 'Demo', 'User', 'Manager of Operations', 'demo@fictional.com', '(555) 833-0099', '(555) 833-0093', '(555) 887-0982', '(555) 383-0398', '', 1, '2006-10-31 11:59:30', NULL, NULL),
(19, 15, 17, 'Victoria', 'Stevens', 'Warehouse Manager', 'vstevens@fictional.com', '(555) 383-2009', '(555) 998-0998', '(555) 998-1112', '(555) 222-2233', '', 1, '2006-10-31 12:00:17', NULL, NULL),
(20, 16, 19, 'Tina', 'Gienow', 'Operations', 'tgienow@trisonics.com', '717-939-6860', '', '', '717-939-6864', '', 1, '2008-05-01 15:01:44', NULL, NULL),
(21, 15, 20, 'Hamish', 'Dunn', 'CEO', 'hdunn@tracmor.com', '760-754-3288', '', '', '', '', 1, '2008-05-06 18:31:00', NULL, NULL),
(22, 17, 21, 'David', 'Koehn', '', 'dkoehn@wetsco.com', '918-459-3844', '', '', '', '', 4, '2008-05-06 19:41:23', NULL, NULL),
(23, 18, 22, 'Kristen', 'Kennebeck', '', 'kristen@medisalesllc.com', '866-318-6334', '', '', '', '', 1, '2008-05-06 20:12:41', NULL, NULL);


INSERT INTO `country` (`country_id`, `short_description`, `abbreviation`, `state_flag`, `province_flag`) VALUES
(1, 'Afghanistan', 'AF', NULL, NULL),
(2, 'Albania', 'AL', NULL, NULL),
(3, 'Algeria', 'DZ', NULL, NULL),
(4, 'American Samoa', 'AS', NULL, NULL),
(5, 'Andorra', 'AD', NULL, NULL),
(6, 'Angola', 'AO', NULL, NULL),
(7, 'Anguilla', 'AI', NULL, NULL),
(8, 'Antigua', 'AG', NULL, NULL),
(9, 'Argentina', 'AR', NULL, NULL),
(10, 'Armenia', 'AM', NULL, NULL),
(11, 'Aruba', 'AW', NULL, NULL),
(12, 'Australia', 'AU', NULL, NULL),
(13, 'Austria', 'AT', NULL, NULL),
(14, 'Azerbaijan', 'AZ', NULL, NULL),
(15, 'Bahamas', 'BS', NULL, NULL),
(16, 'Bahrain', 'BH', NULL, NULL),
(17, 'Bangladesh', 'BD', NULL, NULL),
(18, 'Barbados', 'BB', NULL, NULL),
(19, 'Barbuda(Antigua)', 'AG', NULL, NULL),
(20, 'Belarus', 'BY', NULL, NULL),
(21, 'Belgium', 'BE', NULL, NULL),
(22, 'Benin', 'BJ', NULL, NULL),
(23, 'Bermuda', 'BM', NULL, NULL),
(24, 'Belize', 'BZ', NULL, NULL),
(25, 'Bolivia', 'BO', NULL, NULL),
(26, 'Bonaire(Netherlands Antilles)', 'AN', NULL, NULL),
(27, 'Bosnia-Herzegovina', 'BA', NULL, NULL),
(28, 'Botswana', 'BW', NULL, NULL),
(29, 'Bhutan', 'BT', NULL, NULL),
(30, 'Brazil', 'BR', NULL, NULL),
(31, 'British Virgin Islands', 'VG', NULL, NULL),
(32, 'Brunei', 'BN', NULL, NULL),
(33, 'Bulgaria', 'BG', NULL, NULL),
(34, 'Burkina Faso', 'BF', NULL, NULL),
(35, 'Burundi', 'BI', NULL, NULL),
(36, 'Cambodia', 'KH', NULL, NULL),
(37, 'Cameroon', 'CM', NULL, NULL),
(38, 'Canada', 'CA', NULL, '1'),
(39, 'Canary Islands(Spain)', 'ES', NULL, NULL),
(40, 'Cape Verde', 'CV', NULL, NULL),
(41, 'Chad', 'TD', NULL, NULL),
(42, 'Channel Islands(United Kingdom)', 'GB', NULL, NULL),
(43, 'Cayman Islands', 'KY', NULL, NULL),
(44, 'Chile', 'CL', NULL, NULL),
(45, 'China', 'CN', NULL, NULL),
(46, 'Colombia', 'CO', NULL, NULL),
(47, 'Congo', 'CG', NULL, NULL),
(48, 'Congo, Democratic Republic of', 'CD', NULL, NULL),
(49, 'Cook Islands', 'CK', NULL, NULL),
(50, 'Croatia', 'HR', NULL, NULL),
(51, 'Curacao(Netherlands Antilles)', 'AN', NULL, NULL),
(52, 'Costa Rica', 'CR', NULL, NULL),
(53, 'Cyprus', 'CY', NULL, NULL),
(54, 'Czech Republic', 'CZ', NULL, NULL),
(55, 'Denmark', 'DK', NULL, NULL),
(56, 'Djibouti', 'DJ', NULL, NULL),
(57, 'Dominica', 'DM', NULL, NULL),
(58, 'Dominican Republic', 'DO', NULL, NULL),
(59, 'East Timor', 'TP', NULL, NULL),
(60, 'Ecuador', 'EC', NULL, NULL),
(61, 'Egypt', 'EG', NULL, NULL),
(62, 'El Salvador', 'SV', NULL, NULL),
(63, 'England(United Kingdom)', 'GB', NULL, NULL),
(64, 'Equatorial Guinea', 'GQ', NULL, NULL),
(65, 'Eritrea', 'ER', NULL, NULL),
(66, 'Estonia', 'EE', NULL, NULL),
(67, 'Ethiopia', 'ET', NULL, NULL),
(68, 'Faeroe Islands', 'FO', NULL, NULL),
(69, 'Fiji', 'FJ', NULL, NULL),
(70, 'Finland', 'FI', NULL, NULL),
(71, 'France', 'FR', NULL, NULL),
(72, 'French Guiana', 'GF', NULL, NULL),
(73, 'French Polynesia', 'PF', NULL, NULL),
(74, 'Gabon', 'GA', NULL, NULL),
(75, 'Gambia', 'GM', NULL, NULL),
(76, 'Georgia', 'GE', NULL, NULL),
(77, 'Germany', 'DE', NULL, NULL),
(78, 'Ghana', 'GH', NULL, NULL),
(79, 'Gibraltar', 'GI', NULL, NULL),
(80, 'Grand Cayman(Cayman Islands)', 'KY', NULL, NULL),
(81, 'Great Britain(United Kingdom)', 'GB', NULL, NULL),
(82, 'Great Thatch Islands(British Virgin Islands)', 'VG', NULL, NULL),
(83, 'Great Tobago Islands(British Virgin Islands)', 'VG', NULL, NULL),
(84, 'Greece', 'GR', NULL, NULL),
(85, 'Greenland', 'GL', NULL, NULL),
(86, 'Grenada', 'GD', NULL, NULL),
(87, 'Guadeloupe', 'GP', NULL, NULL),
(88, 'Guam', 'GU', NULL, NULL),
(89, 'Guatemala', 'GT', NULL, NULL),
(90, 'Guinea', 'GN', NULL, NULL),
(91, 'Guyana', 'GY', NULL, NULL),
(92, 'Haiti', 'HT', NULL, NULL),
(93, 'Holland(Netherlands)', 'NL', NULL, NULL),
(94, 'Honduras', 'HS', NULL, NULL),
(95, 'Hong Kong', 'HK', NULL, NULL),
(96, 'Hungary', 'HU', NULL, NULL),
(97, 'Iceland', 'IS', NULL, NULL),
(98, 'India', 'IN', NULL, NULL),
(99, 'Indonesia', 'ID', NULL, NULL),
(100, 'Iraq', 'IQ', NULL, NULL),
(101, 'Ireland', 'IE', NULL, NULL),
(102, 'Israel', 'IL', NULL, NULL),
(103, 'Italy', 'IT', NULL, NULL),
(104, 'Ivory Coast', 'CI', NULL, NULL),
(105, 'Jamaica', 'JM', NULL, NULL),
(106, 'Japan', 'JP', NULL, NULL),
(107, 'Jordan', 'JO', NULL, NULL),
(108, 'Jost Van Dyke Islands(British Virgin Islands)', 'VG', NULL, NULL),
(109, 'Kazakhstan', 'KZ', NULL, NULL),
(110, 'Kenya', 'KE', NULL, NULL),
(111, 'Kiribati', 'KI', NULL, NULL),
(112, 'Kuwait', 'KW', NULL, NULL),
(113, 'Kyrgyzstan', 'KG', NULL, NULL),
(114, 'Laos', 'LA', NULL, NULL),
(115, 'Latvia', 'LV', NULL, NULL),
(116, 'Lebanon', 'LB', NULL, NULL),
(117, 'Lesotho', 'LS', NULL, NULL),
(118, 'Liberia', 'LR', NULL, NULL),
(119, 'Libya', 'LY', NULL, NULL),
(120, 'Liechtenstein', 'LI', NULL, NULL),
(121, 'Lithuania', 'LT', NULL, NULL),
(122, 'Luxembourg', 'LU', NULL, NULL),
(123, 'Macau', 'MO', NULL, NULL),
(124, 'Macedonia', 'MK', NULL, NULL),
(125, 'Madagascar', 'MG', NULL, NULL),
(126, 'Malaysia', 'MY', NULL, NULL),
(127, 'Malawi', 'MW', NULL, NULL),
(128, 'Maldives', 'MV', NULL, NULL),
(129, 'Mali', 'ML', NULL, NULL),
(130, 'Malta', 'MT', NULL, NULL),
(131, 'Marshall Islands', 'MH', NULL, NULL),
(132, 'Martinique', 'MQ', NULL, NULL),
(133, 'Mauritania', 'MR', NULL, NULL),
(134, 'Mauritius', 'MU', NULL, NULL),
(135, 'Mexico', 'MX', '1', NULL),
(136, 'Micronesia', 'FM', NULL, NULL),
(137, 'Moldova', 'MD', NULL, NULL),
(138, 'Monaco', 'MC', NULL, NULL),
(139, 'Mongolia', 'MN', NULL, NULL),
(140, 'Montserrat', 'MS', NULL, NULL),
(141, 'Morocco', 'MA', NULL, NULL),
(142, 'Mozambique', 'MZ', NULL, NULL),
(143, 'Nauru', 'NR', NULL, NULL),
(144, 'Namibia', 'NA', NULL, NULL),
(145, 'Nepal', 'NP', NULL, NULL),
(146, 'Netherlands', 'NL', NULL, NULL),
(147, 'Netherlands Antilles', 'AN', NULL, NULL),
(148, 'New Caledonia', 'NC', NULL, NULL),
(149, 'New Zealand', 'NZ', NULL, NULL),
(150, 'Nicaragua', 'NI', NULL, NULL),
(151, 'Niger', 'NE', NULL, NULL),
(152, 'Nigeria', 'NG', NULL, NULL),
(153, 'Niue', 'NU', NULL, NULL),
(154, 'Norman Island(British Virgin Islands)', 'VG', NULL, NULL),
(155, 'Northern Ireland(United Kingdom)', 'GB', NULL, NULL),
(156, 'Northern Mariana Islands', 'MP', NULL, NULL),
(157, 'Norway', 'NO', NULL, NULL),
(158, 'Oman', 'OM', NULL, NULL),
(159, 'Pakistan', 'PK', NULL, NULL),
(160, 'Paraguay', 'PY', NULL, NULL),
(161, 'Palau', 'PW', NULL, NULL),
(162, 'Palestine', 'PS', NULL, NULL),
(163, 'Panama', 'PA', NULL, NULL),
(164, 'Papua New Guinea', 'PG', NULL, NULL),
(165, 'Peru', 'PE', NULL, NULL),
(166, 'Philippines', 'PH', NULL, NULL),
(167, 'Poland', 'PL', NULL, NULL),
(168, 'Portugal', 'PT', NULL, NULL),
(169, 'Puerto Rico', 'PR', NULL, NULL),
(170, 'Qatar', 'QA', NULL, NULL),
(171, 'Reunion', 'RE', NULL, NULL),
(172, 'Romania', 'RO', NULL, NULL),
(173, 'Rota(Northern Mariana Islands)', 'MP', NULL, NULL),
(174, 'Russia', 'RU', NULL, NULL),
(175, 'Rwanda', 'RW', NULL, NULL),
(176, 'Saba(Netherlands Antilles)', 'AN', NULL, NULL),
(177, 'Saipan(Northern Mariana Islands)', 'MP', NULL, NULL),
(178, 'Samoa', 'WS', NULL, NULL),
(179, 'San Marino(Italy)', 'IT', NULL, NULL),
(180, 'Saudi Arabia', 'SA', NULL, NULL),
(181, 'Scotland(United Kingdom)', 'GB', NULL, NULL),
(182, 'Senegal', 'SN', NULL, NULL),
(183, 'Serbia and Montenegro', 'YU', NULL, NULL),
(184, 'Seychelles', 'SC', NULL, NULL),
(185, 'Singapore', 'SG', NULL, NULL),
(186, 'Slovak Republic', 'SK', NULL, NULL),
(187, 'Slovenia', 'SI', NULL, NULL),
(188, 'Solomon Islands', 'SB', NULL, NULL),
(189, 'South Africa', 'ZA', NULL, NULL),
(190, 'South Korea', 'KR', NULL, NULL),
(191, 'Spain', 'ES', NULL, NULL),
(192, 'Sri Lanka', 'LK', NULL, NULL),
(193, 'St. Barthelemy(Guadeloupe)', 'GP', NULL, NULL),
(194, 'St. Christopher(St. Kitts And Nevis)', 'KN', NULL, NULL),
(195, 'St. Croix Island(U S Virgin Islands)', 'VI', NULL, NULL),
(196, 'St. Eustatius(Netherlands Antilles)', 'AN', NULL, NULL),
(197, 'St. John(U S Virgin Islands)', 'VI', NULL, NULL),
(198, 'St. Kitts And Nevis', 'KN', NULL, NULL),
(199, 'St. Lucia', 'LC', NULL, NULL),
(200, 'St. Maarten(Netherlands Antilles)', 'AN', NULL, NULL),
(201, 'St. Thomas(U S Virgin Islands)', 'VI', NULL, NULL),
(202, 'St. Vincent', 'VC', NULL, NULL),
(203, 'Suriname', 'SR', NULL, NULL),
(204, 'Swaziland', 'SZ', NULL, NULL),
(205, 'Sweden', 'SE', NULL, NULL),
(206, 'Switzerland', 'CH', NULL, NULL),
(207, 'Syria', 'SY', NULL, NULL),
(208, 'Tahiti(French Polynesia)', 'PF', NULL, NULL),
(209, 'Taiwan', 'TW', NULL, NULL),
(210, 'Tanzania', 'TZ', NULL, NULL),
(211, 'Thailand', 'TH', NULL, NULL),
(212, 'Tinian(Northern Mariana Islands)', 'MP', NULL, NULL),
(213, 'Togo', 'TG', NULL, NULL),
(214, 'Tonga', 'TO', NULL, NULL),
(215, 'Tortola Island(British Virgin Islands)', 'VG', NULL, NULL),
(216, 'Trinidad + Tobago', 'TT', NULL, NULL),
(217, 'Tunisia', 'TN', NULL, NULL),
(218, 'Turkey', 'TR', NULL, NULL),
(219, 'Turkmenistan', 'TM', NULL, NULL),
(220, 'Turks And Caicos Islands', 'TC', NULL, NULL),
(221, 'Tuvalu', 'TV', NULL, NULL),
(222, 'United Arab Emirates', 'AE', NULL, NULL),
(223, 'U S Virgin Islands', 'VI', NULL, NULL),
(224, 'Uganda', 'UG', NULL, NULL),
(225, 'Ukraine', 'UA', NULL, NULL),
(226, 'Union Island(St. Vincent)', 'VC', NULL, NULL),
(227, 'United Kingdom', 'GB', NULL, NULL),
(228, 'United States', 'US', '1', NULL),
(229, 'Uruguay', 'UY', NULL, NULL),
(230, 'Uzbekistan', 'UZ', NULL, NULL),
(231, 'Vanuatu', 'VU', NULL, NULL),
(232, 'Vatican City(Italy)', 'VA', NULL, NULL),
(233, 'Venezuela', 'VE', NULL, NULL),
(234, 'Vietnam', 'VN', NULL, NULL),
(235, 'Wales(United Kingdom)', 'GB', NULL, NULL),
(236, 'Wallis + Futuna Islands', 'WF', NULL, NULL),
(237, 'Yemen', 'YE', NULL, NULL),
(238, 'Zambia', 'ZM', NULL, NULL),
(239, 'Zimbabwe', 'ZW', NULL, NULL);


INSERT INTO `custom_field` (`custom_field_id`, `custom_field_qtype_id`, `default_custom_field_value_id`, `short_description`, `active_flag`, `required_flag`, `created_by`, `creation_date`, `modified_by`, `modified_date`) VALUES
(1, 1, NULL, 'Condition', '1', '0', 1, '2010-11-17 12:14:45', 1, '2010-11-17 23:14:45'),
(2, 3, NULL, 'Notes', '1', '0', 1, '2010-11-17 12:14:55', 1, '2010-11-17 23:14:55'),
(3, 1, NULL, 'abc''s', '0', '0', 1, '2011-09-13 08:23:56', 1, '2011-09-29 03:29:46'),
(4, 1, NULL, 'System ID #', '1', '0', 1, '2011-10-27 12:18:17', 1, '2011-10-27 22:18:17'),
(5, 1, NULL, 'Subrental Code', '1', '0', 1, '2011-10-27 12:18:35', 1, '2011-10-27 22:18:36'),
(6, 1, NULL, 'Last Updated', '1', '0', 1, '2011-10-27 12:18:48', 1, '2011-10-27 22:18:48'),
(7, 1, NULL, 'Project', '1', '0', 1, '2011-10-27 12:24:46', 1, '2011-10-27 22:26:04'),
(8, 2, NULL, 'EMPLOYEE', '1', '0', 8, '2011-11-16 16:27:36', 8, '2011-11-17 03:27:36');

INSERT INTO `custom_field_qtype` (`custom_field_qtype_id`, `name`) VALUES
(2, 'select'),
(1, 'text'),
(3, 'textarea');

INSERT INTO `custom_field_value` (`custom_field_value_id`, `custom_field_id`, `short_description`, `created_by`, `creation_date`, `modified_by`, `modified_date`) VALUES
(1, 8, 'NONAME1', 8, '2011-11-16 16:27:48', NULL, NULL),
(2, 8, 'NONAME2', 8, '2011-11-16 16:27:52', NULL, NULL),
(3, 8, 'NONAME3', 8, '2011-11-16 16:28:00', NULL, NULL);

INSERT INTO `datagrid` (`datagrid_id`, `short_description`) VALUES
(10, 'asset_audit_list'),
(1, 'asset_list'),
(2, 'asset_model_list'),
(6, 'category_list'),
(4, 'company_list'),
(5, 'contact_list'),
(11, 'inventory_audit_list'),
(3, 'inventory_model_list'),
(12, 'location_list'),
(7, 'manufacturer_list'),
(8, 'receipt_list'),
(9, 'shipment_list'),
(13, 'user_list');


INSERT INTO `entity_qtype` (`entity_qtype_id`, `name`) VALUES
(9, 'Address'),
(1, 'Asset'),
(3, 'AssetInventory'),
(4, 'AssetModel'),
(6, 'Category'),
(7, 'Company'),
(8, 'Contact'),
(2, 'Inventory'),
(5, 'Manufacturer'),
(11, 'Receipt'),
(10, 'Shipment');

INSERT INTO `entity_qtype_custom_field` (`entity_qtype_custom_field_id`, `entity_qtype_id`, `custom_field_id`) VALUES
(1, 1, 1),
(2, 1, 2),
(3, 1, 3),
(4, 1, 4),
(5, 1, 5),
(6, 1, 6),
(7, 1, 7),
(8, 1, 8);

INSERT INTO `inventory_location` (`inventory_location_id`, `inventory_model_id`, `location_id`, `quantity`, `created_by`, `creation_date`, `modified_by`, `modified_date`) VALUES
(1, 1, 7, 111, 1, '2011-09-19 11:58:53', NULL, NULL),
(2, 1, 11, 333, 1, '2011-09-19 11:59:05', NULL, NULL),
(3, 1, 29, 1000, 1, '2011-11-08 11:28:30', NULL, NULL);

INSERT INTO `inventory_model` (`inventory_model_id`, `category_id`, `manufacturer_id`, `inventory_model_code`, `short_description`, `long_description`, `image_path`, `price`, `created_by`, `creation_date`, `modified_by`, `modified_date`) VALUES
(1, 2, 4, '111222333', 'supercomputer', '', NULL, NULL, 1, '2011-09-19 11:58:43', NULL, NULL);

INSERT INTO `inventory_model_custom_field_helper` (`inventory_model_id`) VALUES
(1);

INSERT INTO `inventory_transaction` (`inventory_transaction_id`, `inventory_location_id`, `transaction_id`, `quantity`, `source_location_id`, `destination_location_id`, `created_by`, `creation_date`, `modified_by`, `modified_date`) VALUES
(1, 1, 14, 111, 4, 7, 1, '2011-09-19 11:58:53', NULL, NULL),
(2, 2, 15, 333, 4, 11, 1, '2011-09-19 11:59:05', NULL, NULL),
(3, 3, 16, 1000, 4, 29, 1, '2011-11-08 11:28:30', NULL, NULL);

INSERT INTO `location` (`location_id`, `short_description`, `long_description`, `asset_flag`, `inventory_flag`, `enabled_flag`, `created_by`, `creation_date`, `modified_by`, `modified_date`) VALUES
(1, 'Checked Out', NULL, '1', '1', '1', NULL, NULL, NULL, NULL),
(2, 'Shipped', NULL, '1', '1', '1', NULL, NULL, NULL, NULL),
(3, 'Taken Out', NULL, '1', '1', '1', NULL, NULL, NULL, NULL),
(4, 'New Inventory', NULL, '1', '1', '1', NULL, NULL, NULL, NULL),
(5, 'To Be Received', NULL, '1', '1', '1', NULL, NULL, NULL, NULL),
(6, 'Archived', NULL, '1', '1', '1', NULL, NULL, NULL, NULL),
(7, 'R1B01', NULL, '1', '1', '1', 1, '2010-11-17 20:18:01', NULL, NULL),
(8, 'R1B10', NULL, '1', '1', '1', 1, '2010-11-17 20:18:01', NULL, NULL),
(9, 'R2B08', NULL, '1', '1', '1', 1, '2010-11-17 20:18:01', NULL, NULL),
(10, 'R1B04', NULL, '1', '1', '1', 1, '2010-11-17 20:18:01', NULL, NULL),
(11, 'R1B02', NULL, '1', '1', '1', 1, '2010-11-17 20:18:01', NULL, NULL),
(12, 'UM1', NULL, '1', '1', '1', 1, '2010-11-17 20:18:01', NULL, NULL),
(13, 'UM2', NULL, '1', '1', '1', 1, '2010-11-17 20:18:01', NULL, NULL),
(14, 'R1B16', NULL, '1', '1', '1', 1, '2010-11-17 20:18:01', NULL, NULL),
(15, 'R4B10', NULL, '1', '1', '1', 1, '2010-11-17 20:18:01', NULL, NULL),
(16, 'R1B07', NULL, '1', '1', '1', 1, '2010-11-17 20:18:01', NULL, NULL),
(17, 'R4B02', NULL, '1', '1', '1', 1, '2010-11-17 20:18:01', NULL, NULL),
(18, 'R4B03', NULL, '1', '1', '1', 1, '2010-11-17 20:18:01', NULL, NULL),
(19, 'R1B19', NULL, '1', '1', '1', 1, '2010-11-17 20:18:01', NULL, NULL),
(20, 'R1B18', NULL, '1', '1', '1', 1, '2010-11-17 20:18:01', NULL, NULL),
(21, 'R4B08', NULL, '1', '1', '1', 1, '2010-11-17 20:18:01', NULL, NULL),
(22, 'R4B05', NULL, '1', '1', '1', 1, '2010-11-17 20:18:01', NULL, NULL),
(23, 'R4B01', NULL, '1', '1', '1', 1, '2010-11-17 20:18:01', NULL, NULL),
(24, 'WPS04', NULL, '1', '1', '1', 1, '2010-11-17 20:18:01', NULL, NULL),
(25, 'WPS08', NULL, '1', '1', '1', 1, '2010-11-17 20:18:01', NULL, NULL),
(26, 'WPS06', NULL, '1', '1', '1', 1, '2010-11-17 20:18:01', NULL, NULL),
(27, 'WPS07', NULL, '1', '1', '1', 1, '2010-11-17 20:18:01', NULL, NULL),
(28, 'WPS09', NULL, '1', '1', '1', 1, '2010-11-17 20:18:01', NULL, NULL),
(29, 'R1B03', NULL, '1', '1', '1', 1, '2010-11-17 20:18:01', NULL, NULL),
(30, 'R1B11', NULL, '1', '1', '1', 1, '2010-11-17 20:18:01', NULL, NULL),
(31, 'R1B12', NULL, '1', '1', '1', 1, '2010-11-17 20:18:01', NULL, NULL),
(32, 'R1B17', NULL, '1', '1', '1', 1, '2010-11-17 20:18:01', NULL, NULL),
(33, 'WPS01', NULL, '1', '1', '1', 1, '2010-11-17 20:18:01', NULL, NULL),
(34, 'WPS02', NULL, '1', '1', '1', 1, '2010-11-17 20:18:01', NULL, NULL),
(35, 'WPS03', NULL, '1', '1', '1', 1, '2010-11-17 20:18:01', NULL, NULL),
(36, 'WPS05', NULL, '1', '1', '1', 1, '2010-11-17 20:18:01', NULL, NULL),
(37, 'WPS10', NULL, '1', '1', '1', 1, '2010-11-17 20:18:01', NULL, NULL),
(38, 'R3B05', NULL, '1', '1', '1', 1, '2010-11-17 20:18:01', NULL, NULL),
(39, '1619_Edit1', NULL, '1', '1', '1', 1, '2011-10-27 19:22:51', NULL, NULL),
(40, 'EMPLOYEE', NULL, '1', '1', '1', 8, '2011-11-16 16:26:55', NULL, NULL);

INSERT INTO `manufacturer` (`manufacturer_id`, `short_description`, `long_description`, `image_path`, `created_by`, `creation_date`, `modified_by`, `modified_date`) VALUES
(1, 'Acuson', NULL, NULL, 1, '2010-11-17 20:18:02', NULL, NULL),
(2, 'CM', NULL, NULL, 1, '2010-11-17 20:18:02', NULL, NULL),
(3, 'Pegasus', NULL, NULL, 1, '2010-11-17 20:18:02', NULL, NULL),
(4, 'Acme', NULL, NULL, 1, '2010-11-17 20:18:02', NULL, NULL),
(5, 'Fictional Inc.', NULL, NULL, 1, '2010-11-17 20:18:02', NULL, NULL),
(6, 'SuperTech', NULL, NULL, 1, '2010-11-17 20:18:02', NULL, NULL),
(7, 'Adobe', NULL, NULL, 1, '2011-10-27 19:22:52', NULL, NULL),
(8, 'APC', NULL, NULL, 1, '2011-10-27 19:22:52', NULL, NULL),
(9, 'Avid', NULL, NULL, 1, '2011-10-27 19:22:52', NULL, NULL),
(10, 'Black Box', NULL, NULL, 1, '2011-10-27 19:22:52', NULL, NULL),
(11, 'Genelec', NULL, NULL, 1, '2011-10-27 19:22:52', NULL, NULL),
(12, 'HP', NULL, NULL, 1, '2011-10-27 19:22:52', NULL, NULL);

INSERT INTO `manufacturer_custom_field_helper` (`manufacturer_id`) VALUES
(1),
(2),
(3),
(4),
(5),
(6),
(7),
(8),
(9),
(10),
(11),
(12);

INSERT INTO `module` (`module_id`, `short_description`) VALUES
(1, 'home'),
(2, 'assets'),
(3, 'inventory'),
(4, 'contacts'),
(5, 'shipping'),
(6, 'receiving'),
(7, 'reports');

INSERT INTO `notification` (`notification_id`, `short_description`, `long_description`, `criteria`, `frequency`, `enabled_flag`, `created_by`, `creation_date`, `modified_by`, `modified_date`) VALUES
(1, 'Overdue Receipt', 'Send notification when a receipt is overdue', '10', 'once', '0', NULL, NULL, NULL, NULL);


INSERT INTO `receipt` (`receipt_id`, `transaction_id`, `from_company_id`, `from_contact_id`, `to_contact_id`, `to_address_id`, `receipt_number`, `due_date`, `receipt_date`, `received_flag`, `created_by`, `creation_date`, `modified_by`, `modified_date`) VALUES
(1, 11, 5, 6, 3, 2, '1000', '2010-11-26', '2010-11-24', '1', 5, '2010-11-24 15:52:30', 5, '2010-11-25 02:53:48');

INSERT INTO `receipt_custom_field_helper` (`receipt_id`) VALUES
(1);

INSERT INTO `role` (`role_id`, `short_description`, `long_description`, `created_by`, `creation_date`, `modified_by`, `modified_date`) VALUES
(1, 'Administrator', 'Administrator account will access to everything', 1, '2010-11-17 20:13:17', NULL, NULL),
(2, 'Sales', 'Sales Permissions', 1, '2010-11-17 12:30:42', 7, '2011-11-10 00:40:59'),
(3, 'Shipping', 'Shipping Permissions', 1, '2010-11-17 12:39:50', 1, '2010-11-25 02:23:59'),
(4, 'Warehouse', 'Warehouse Permissions', 1, '2010-11-17 12:40:01', 1, '2010-11-25 02:24:11');

INSERT INTO `role_entity_qtype_built_in_authorization` (`role_entity_built_in_id`, `role_id`, `entity_qtype_id`, `authorization_id`, `authorized_flag`, `created_by`, `creation_date`, `modified_by`, `modified_date`) VALUES
(1, 1, 1, 1, '1', 1, '2008-07-11 22:14:47', NULL, NULL),
(2, 1, 1, 2, '1', 1, '2008-07-11 22:14:47', NULL, NULL),
(3, 1, 4, 1, '1', 1, '2008-07-11 22:14:47', NULL, NULL),
(4, 1, 4, 2, '1', 1, '2008-07-11 22:14:47', NULL, NULL),
(5, 1, 2, 1, '1', 1, '2008-07-11 22:14:47', NULL, NULL),
(6, 1, 2, 2, '1', 1, '2008-07-11 22:14:47', NULL, NULL),
(7, 1, 7, 1, '1', 1, '2008-07-11 22:14:47', NULL, NULL),
(8, 1, 7, 2, '1', 1, '2008-07-11 22:14:47', NULL, NULL),
(9, 1, 8, 1, '1', 1, '2008-07-11 22:14:47', NULL, NULL),
(10, 1, 8, 2, '1', 1, '2008-07-11 22:14:47', NULL, NULL),
(11, 1, 9, 1, '1', 1, '2008-07-11 22:14:47', NULL, NULL),
(12, 1, 9, 2, '1', 1, '2008-07-11 22:14:47', NULL, NULL),
(13, 1, 10, 1, '1', 1, '2008-07-11 22:14:47', NULL, NULL),
(14, 1, 10, 2, '1', 1, '2008-07-11 22:14:47', NULL, NULL),
(15, 1, 11, 1, '1', 1, '2008-07-11 22:14:47', NULL, NULL),
(16, 1, 11, 2, '1', 1, '2008-07-11 22:14:47', NULL, NULL),
(17, 2, 1, 1, '0', 1, '2010-11-17 12:30:42', 7, '2011-11-10 00:40:59'),
(18, 2, 1, 2, '0', 1, '2010-11-17 12:30:42', 7, '2011-11-10 00:40:59'),
(19, 2, 4, 1, '0', 1, '2010-11-17 12:30:42', 7, '2011-11-10 00:40:59'),
(20, 2, 4, 2, '0', 1, '2010-11-17 12:30:42', 7, '2011-11-10 00:40:59'),
(21, 2, 2, 1, '1', 1, '2010-11-17 12:30:42', 7, '2011-11-10 00:40:59'),
(22, 2, 2, 2, '1', 1, '2010-11-17 12:30:42', 7, '2011-11-10 00:40:59'),
(23, 2, 7, 1, '1', 1, '2010-11-17 12:30:42', 7, '2011-11-10 00:40:59'),
(24, 2, 7, 2, '1', 1, '2010-11-17 12:30:42', 7, '2011-11-10 00:40:59'),
(25, 2, 8, 1, '1', 1, '2010-11-17 12:30:42', 7, '2011-11-10 00:40:59'),
(26, 2, 8, 2, '1', 1, '2010-11-17 12:30:42', 7, '2011-11-10 00:40:59'),
(27, 2, 9, 1, '1', 1, '2010-11-17 12:30:42', 7, '2011-11-10 00:40:59'),
(28, 2, 9, 2, '1', 1, '2010-11-17 12:30:42', 7, '2011-11-10 00:40:59'),
(29, 2, 10, 1, '1', 1, '2010-11-17 12:30:42', 7, '2011-11-10 00:40:59'),
(30, 2, 10, 2, '1', 1, '2010-11-17 12:30:42', 7, '2011-11-10 00:40:59'),
(31, 2, 11, 1, '1', 1, '2010-11-17 12:30:42', 7, '2011-11-10 00:40:59'),
(32, 2, 11, 2, '1', 1, '2010-11-17 12:30:42', 7, '2011-11-10 00:40:59'),
(33, 3, 1, 1, '1', 1, '2010-11-17 12:39:50', 1, '2010-11-25 02:22:19'),
(34, 3, 1, 2, '0', 1, '2010-11-17 12:39:50', 1, '2010-11-25 02:22:19'),
(35, 3, 4, 1, '1', 1, '2010-11-17 12:39:50', 1, '2010-11-25 02:22:19'),
(36, 3, 4, 2, '0', 1, '2010-11-17 12:39:50', 1, '2010-11-25 02:22:19'),
(37, 3, 2, 1, '1', 1, '2010-11-17 12:39:50', 1, '2010-11-25 02:22:19'),
(38, 3, 2, 2, '0', 1, '2010-11-17 12:39:50', 1, '2010-11-25 02:22:19'),
(39, 3, 7, 1, '1', 1, '2010-11-17 12:39:50', 1, '2010-11-25 02:22:19'),
(40, 3, 7, 2, '1', 1, '2010-11-17 12:39:50', 1, '2010-11-25 02:22:19'),
(41, 3, 8, 1, '1', 1, '2010-11-17 12:39:50', 1, '2010-11-25 02:22:19'),
(42, 3, 8, 2, '1', 1, '2010-11-17 12:39:50', 1, '2010-11-25 02:22:20'),
(43, 3, 9, 1, '1', 1, '2010-11-17 12:39:50', 1, '2010-11-25 02:22:20'),
(44, 3, 9, 2, '1', 1, '2010-11-17 12:39:50', 1, '2010-11-25 02:22:20'),
(45, 3, 10, 1, '1', 1, '2010-11-17 12:39:50', 1, '2010-11-25 02:22:20'),
(46, 3, 10, 2, '1', 1, '2010-11-17 12:39:50', 1, '2010-11-25 02:22:20'),
(47, 3, 11, 1, '1', 1, '2010-11-17 12:39:50', 1, '2010-11-25 02:22:20'),
(48, 3, 11, 2, '1', 1, '2010-11-17 12:39:50', 1, '2010-11-25 02:22:20'),
(49, 4, 1, 1, '1', 1, '2010-11-17 12:40:02', 1, '2010-11-25 02:21:07'),
(50, 4, 1, 2, '1', 1, '2010-11-17 12:40:02', 1, '2010-11-25 02:21:07'),
(51, 4, 4, 1, '1', 1, '2010-11-17 12:40:02', 1, '2010-11-25 02:21:07'),
(52, 4, 4, 2, '1', 1, '2010-11-17 12:40:02', 1, '2010-11-25 02:21:07'),
(53, 4, 2, 1, '1', 1, '2010-11-17 12:40:02', 1, '2010-11-25 02:21:07'),
(54, 4, 2, 2, '1', 1, '2010-11-17 12:40:02', 1, '2010-11-25 02:21:07'),
(55, 4, 7, 1, '1', 1, '2010-11-17 12:40:02', 1, '2010-11-25 02:21:07'),
(56, 4, 7, 2, '1', 1, '2010-11-17 12:40:02', 1, '2010-11-25 02:21:07'),
(57, 4, 8, 1, '1', 1, '2010-11-17 12:40:02', 1, '2010-11-25 02:21:07'),
(58, 4, 8, 2, '1', 1, '2010-11-17 12:40:02', 1, '2010-11-25 02:21:07'),
(59, 4, 9, 1, '1', 1, '2010-11-17 12:40:02', 1, '2010-11-25 02:21:07'),
(60, 4, 9, 2, '1', 1, '2010-11-17 12:40:02', 1, '2010-11-25 02:21:07'),
(61, 4, 10, 1, '1', 1, '2010-11-17 12:40:02', 1, '2010-11-25 02:21:07'),
(62, 4, 10, 2, '1', 1, '2010-11-17 12:40:02', 1, '2010-11-25 02:21:07'),
(63, 4, 11, 1, '1', 1, '2010-11-17 12:40:02', 1, '2010-11-25 02:21:07'),
(64, 4, 11, 2, '1', 1, '2010-11-17 12:40:02', 1, '2010-11-25 02:21:07');

INSERT INTO `role_entity_qtype_custom_field_authorization` (`role_entity_qtype_custom_field_authorization_id`, `role_id`, `entity_qtype_custom_field_id`, `authorization_id`, `authorized_flag`, `created_by`, `creation_date`, `modified_by`, `modified_date`) VALUES
(1, 1, 1, 1, '1', 1, '2010-11-17 12:14:46', NULL, NULL),
(2, 1, 1, 2, '1', 1, '2010-11-17 12:14:46', NULL, NULL),
(3, 1, 2, 1, '1', 1, '2010-11-17 12:14:55', NULL, NULL),
(4, 1, 2, 2, '1', 1, '2010-11-17 12:14:55', NULL, NULL),
(5, 2, 1, 1, '0', 1, '2010-11-17 12:30:42', 7, '2011-11-10 00:40:59'),
(6, 2, 1, 2, '0', 1, '2010-11-17 12:30:42', 7, '2011-11-10 00:40:59'),
(7, 2, 2, 1, '0', 1, '2010-11-17 12:30:42', 7, '2011-11-10 00:40:59'),
(8, 2, 2, 2, '0', 1, '2010-11-17 12:30:42', 7, '2011-11-10 00:40:59'),
(9, 3, 1, 1, '1', 1, '2010-11-17 12:39:50', 1, '2010-11-25 02:22:19'),
(10, 3, 1, 2, '0', 1, '2010-11-17 12:39:50', 1, '2010-11-25 02:22:19'),
(11, 3, 2, 1, '1', 1, '2010-11-17 12:39:50', 1, '2010-11-25 02:22:19'),
(12, 3, 2, 2, '0', 1, '2010-11-17 12:39:50', 1, '2010-11-25 02:22:19'),
(13, 4, 1, 1, '1', 1, '2010-11-17 12:40:02', 1, '2010-11-25 02:21:07'),
(14, 4, 1, 2, '1', 1, '2010-11-17 12:40:02', 1, '2010-11-25 02:21:07'),
(15, 4, 2, 1, '1', 1, '2010-11-17 12:40:02', 1, '2010-11-25 02:21:07'),
(16, 4, 2, 2, '1', 1, '2010-11-17 12:40:02', 1, '2010-11-25 02:21:07'),
(17, 1, 3, 1, '1', 1, '2011-09-13 08:23:56', NULL, NULL),
(18, 1, 3, 2, '1', 1, '2011-09-13 08:23:56', NULL, NULL),
(19, 2, 3, 1, '1', 1, '2011-09-13 08:23:56', NULL, NULL),
(20, 2, 3, 2, '1', 1, '2011-09-13 08:23:56', NULL, NULL),
(21, 3, 3, 1, '1', 1, '2011-09-13 08:23:56', NULL, NULL),
(22, 3, 3, 2, '1', 1, '2011-09-13 08:23:56', NULL, NULL),
(23, 4, 3, 1, '1', 1, '2011-09-13 08:23:56', NULL, NULL),
(24, 4, 3, 2, '1', 1, '2011-09-13 08:23:56', NULL, NULL),
(25, 1, 4, 1, '1', 1, '2011-10-27 12:18:17', NULL, NULL),
(26, 1, 4, 2, '1', 1, '2011-10-27 12:18:17', NULL, NULL),
(27, 2, 4, 1, '0', 1, '2011-10-27 12:18:17', 7, '2011-11-10 00:40:59'),
(28, 2, 4, 2, '0', 1, '2011-10-27 12:18:17', 7, '2011-11-10 00:40:59'),
(29, 3, 4, 1, '1', 1, '2011-10-27 12:18:17', NULL, NULL),
(30, 3, 4, 2, '1', 1, '2011-10-27 12:18:17', NULL, NULL),
(31, 4, 4, 1, '1', 1, '2011-10-27 12:18:17', NULL, NULL),
(32, 4, 4, 2, '1', 1, '2011-10-27 12:18:17', NULL, NULL),
(33, 1, 5, 1, '1', 1, '2011-10-27 12:18:36', NULL, NULL),
(34, 1, 5, 2, '1', 1, '2011-10-27 12:18:36', NULL, NULL),
(35, 2, 5, 1, '0', 1, '2011-10-27 12:18:36', 7, '2011-11-10 00:40:59'),
(36, 2, 5, 2, '0', 1, '2011-10-27 12:18:36', 7, '2011-11-10 00:40:59'),
(37, 3, 5, 1, '1', 1, '2011-10-27 12:18:36', NULL, NULL),
(38, 3, 5, 2, '1', 1, '2011-10-27 12:18:36', NULL, NULL),
(39, 4, 5, 1, '1', 1, '2011-10-27 12:18:36', NULL, NULL),
(40, 4, 5, 2, '1', 1, '2011-10-27 12:18:36', NULL, NULL),
(41, 1, 6, 1, '1', 1, '2011-10-27 12:18:48', NULL, NULL),
(42, 1, 6, 2, '1', 1, '2011-10-27 12:18:48', NULL, NULL),
(43, 2, 6, 1, '0', 1, '2011-10-27 12:18:48', 7, '2011-11-10 00:40:59'),
(44, 2, 6, 2, '0', 1, '2011-10-27 12:18:48', 7, '2011-11-10 00:40:59'),
(45, 3, 6, 1, '1', 1, '2011-10-27 12:18:48', NULL, NULL),
(46, 3, 6, 2, '1', 1, '2011-10-27 12:18:48', NULL, NULL),
(47, 4, 6, 1, '1', 1, '2011-10-27 12:18:48', NULL, NULL),
(48, 4, 6, 2, '1', 1, '2011-10-27 12:18:48', NULL, NULL),
(49, 1, 7, 1, '1', 1, '2011-10-27 12:24:46', NULL, NULL),
(50, 1, 7, 2, '1', 1, '2011-10-27 12:24:46', NULL, NULL),
(51, 2, 7, 1, '0', 1, '2011-10-27 12:24:46', 7, '2011-11-10 00:40:59'),
(52, 2, 7, 2, '0', 1, '2011-10-27 12:24:46', 7, '2011-11-10 00:40:59'),
(53, 3, 7, 1, '1', 1, '2011-10-27 12:24:46', NULL, NULL),
(54, 3, 7, 2, '1', 1, '2011-10-27 12:24:46', NULL, NULL),
(55, 4, 7, 1, '1', 1, '2011-10-27 12:24:47', NULL, NULL),
(56, 4, 7, 2, '1', 1, '2011-10-27 12:24:47', NULL, NULL),
(57, 1, 8, 1, '1', 8, '2011-11-16 16:27:36', NULL, NULL),
(58, 1, 8, 2, '1', 8, '2011-11-16 16:27:36', NULL, NULL),
(59, 2, 8, 1, '1', 8, '2011-11-16 16:27:36', NULL, NULL),
(60, 2, 8, 2, '1', 8, '2011-11-16 16:27:36', NULL, NULL),
(61, 3, 8, 1, '1', 8, '2011-11-16 16:27:36', NULL, NULL),
(62, 3, 8, 2, '1', 8, '2011-11-16 16:27:36', NULL, NULL),
(63, 4, 8, 1, '1', 8, '2011-11-16 16:27:36', NULL, NULL),
(64, 4, 8, 2, '1', 8, '2011-11-16 16:27:36', NULL, NULL);

INSERT INTO `role_module` (`role_module_id`, `role_id`, `module_id`, `access_flag`, `created_by`, `creation_date`, `modified_by`, `modified_date`) VALUES
(2, 1, 2, '1', NULL, NULL, NULL, NULL),
(3, 1, 3, '1', NULL, NULL, NULL, NULL),
(4, 1, 4, '1', NULL, NULL, NULL, NULL),
(5, 1, 5, '1', NULL, NULL, NULL, NULL),
(6, 1, 6, '1', NULL, NULL, NULL, NULL),
(7, 1, 7, '1', NULL, NULL, NULL, NULL),
(8, 2, 2, '0', 1, '2010-11-17 12:30:42', 7, '2011-11-10 00:40:59'),
(9, 2, 3, '1', 1, '2010-11-17 12:30:42', 7, '2011-11-10 00:40:59'),
(10, 2, 4, '1', 1, '2010-11-17 12:30:42', 7, '2011-11-10 00:40:59'),
(11, 2, 5, '1', 1, '2010-11-17 12:30:42', 7, '2011-11-10 00:40:59'),
(12, 2, 6, '1', 1, '2010-11-17 12:30:42', 7, '2011-11-10 00:40:59'),
(13, 2, 7, '1', 1, '2010-11-17 12:30:42', 7, '2011-11-10 00:40:59'),
(14, 3, 2, '1', 1, '2010-11-17 12:39:50', 1, '2010-11-25 02:22:19'),
(15, 3, 3, '1', 1, '2010-11-17 12:39:50', 1, '2010-11-25 02:22:19'),
(16, 3, 4, '1', 1, '2010-11-17 12:39:50', 1, '2010-11-25 02:22:19'),
(17, 3, 5, '1', 1, '2010-11-17 12:39:50', 1, '2010-11-25 02:22:19'),
(18, 3, 6, '1', 1, '2010-11-17 12:39:50', 1, '2010-11-25 02:22:19'),
(19, 3, 7, '1', 1, '2010-11-17 12:39:50', 1, '2010-11-25 02:22:19'),
(20, 4, 2, '1', 1, '2010-11-17 12:40:02', 1, '2010-11-25 02:21:07'),
(21, 4, 3, '1', 1, '2010-11-17 12:40:02', 1, '2010-11-25 02:21:07'),
(22, 4, 4, '1', 1, '2010-11-17 12:40:02', 1, '2010-11-25 02:21:07'),
(23, 4, 5, '1', 1, '2010-11-17 12:40:02', 1, '2010-11-25 02:21:07'),
(24, 4, 6, '1', 1, '2010-11-17 12:40:02', 1, '2010-11-25 02:21:07'),
(25, 4, 7, '1', 1, '2010-11-17 12:40:02', 1, '2010-11-25 02:21:07');

INSERT INTO `role_module_authorization` (`role_module_authorization_id`, `role_module_id`, `authorization_id`, `authorization_level_id`, `created_by`, `creation_date`, `modified_by`, `modified_date`) VALUES
(4, 2, 1, 1, NULL, NULL, NULL, NULL),
(5, 2, 2, 1, NULL, NULL, NULL, NULL),
(6, 2, 3, 1, NULL, NULL, NULL, NULL),
(7, 3, 1, 1, NULL, NULL, NULL, NULL),
(8, 3, 2, 1, NULL, NULL, NULL, NULL),
(9, 3, 3, 1, NULL, NULL, NULL, NULL),
(10, 4, 1, 1, NULL, NULL, NULL, NULL),
(11, 4, 2, 1, NULL, NULL, NULL, NULL),
(12, 4, 3, 1, NULL, NULL, NULL, NULL),
(13, 5, 1, 1, NULL, NULL, NULL, NULL),
(14, 5, 2, 1, NULL, NULL, NULL, NULL),
(15, 5, 3, 1, NULL, NULL, NULL, NULL),
(16, 6, 1, 1, NULL, NULL, NULL, NULL),
(17, 6, 2, 1, NULL, NULL, NULL, NULL),
(18, 6, 3, 1, NULL, NULL, NULL, NULL),
(19, 7, 1, 1, NULL, NULL, NULL, NULL),
(20, 7, 2, 1, NULL, NULL, NULL, NULL),
(21, 7, 3, 1, NULL, NULL, NULL, NULL),
(22, 8, 1, 1, 1, '2010-11-17 12:30:42', 7, '2011-11-10 00:40:59'),
(23, 8, 2, 1, 1, '2010-11-17 12:30:42', 7, '2011-11-10 00:40:59'),
(24, 8, 3, 2, 1, '2010-11-17 12:30:42', 7, '2011-11-10 00:40:59'),
(25, 9, 1, 1, 1, '2010-11-17 12:30:42', 7, '2011-11-10 00:40:59'),
(26, 9, 2, 1, 1, '2010-11-17 12:30:42', 7, '2011-11-10 00:40:59'),
(27, 9, 3, 2, 1, '2010-11-17 12:30:42', 7, '2011-11-10 00:40:59'),
(28, 10, 1, 1, 1, '2010-11-17 12:30:42', 7, '2011-11-10 00:40:59'),
(29, 10, 2, 2, 1, '2010-11-17 12:30:42', 7, '2011-11-10 00:40:59'),
(30, 10, 3, 2, 1, '2010-11-17 12:30:42', 7, '2011-11-10 00:40:59'),
(31, 11, 1, 1, 1, '2010-11-17 12:30:42', 7, '2011-11-10 00:40:59'),
(32, 11, 2, 1, 1, '2010-11-17 12:30:42', 7, '2011-11-10 00:40:59'),
(33, 11, 3, 1, 1, '2010-11-17 12:30:42', 7, '2011-11-10 00:40:59'),
(34, 12, 1, 1, 1, '2010-11-17 12:30:42', 7, '2011-11-10 00:40:59'),
(35, 12, 2, 2, 1, '2010-11-17 12:30:42', 7, '2011-11-10 00:40:59'),
(36, 12, 3, 2, 1, '2010-11-17 12:30:42', 7, '2011-11-10 00:40:59'),
(37, 13, 1, 1, 1, '2010-11-17 12:30:42', 7, '2011-11-10 00:40:59'),
(38, 13, 2, 2, 1, '2010-11-17 12:30:42', 7, '2011-11-10 00:40:59'),
(39, 13, 3, 2, 1, '2010-11-17 12:30:42', 7, '2011-11-10 00:40:59'),
(40, 14, 1, 1, 1, '2010-11-17 12:39:50', 1, '2010-11-25 02:22:19'),
(41, 14, 2, 3, 1, '2010-11-17 12:39:50', 1, '2010-11-25 02:22:19'),
(42, 14, 3, 3, 1, '2010-11-17 12:39:50', 1, '2010-11-25 02:22:19'),
(43, 15, 1, 1, 1, '2010-11-17 12:39:50', 1, '2010-11-25 02:22:19'),
(44, 15, 2, 3, 1, '2010-11-17 12:39:50', 1, '2010-11-25 02:22:19'),
(45, 15, 3, 3, 1, '2010-11-17 12:39:50', 1, '2010-11-25 02:22:19'),
(46, 16, 1, 1, 1, '2010-11-17 12:39:50', 1, '2010-11-25 02:22:19'),
(47, 16, 2, 1, 1, '2010-11-17 12:39:50', 1, '2010-11-25 02:22:19'),
(48, 16, 3, 1, 1, '2010-11-17 12:39:50', 1, '2010-11-25 02:22:19'),
(49, 17, 1, 1, 1, '2010-11-17 12:39:50', 1, '2010-11-25 02:22:19'),
(50, 17, 2, 1, 1, '2010-11-17 12:39:50', 1, '2010-11-25 02:22:19'),
(51, 17, 3, 1, 1, '2010-11-17 12:39:50', 1, '2010-11-25 02:22:19'),
(52, 18, 1, 1, 1, '2010-11-17 12:39:50', 1, '2010-11-25 02:22:19'),
(53, 18, 2, 1, 1, '2010-11-17 12:39:50', 1, '2010-11-25 02:22:19'),
(54, 18, 3, 1, 1, '2010-11-17 12:39:50', 1, '2010-11-25 02:22:19'),
(55, 19, 1, 1, 1, '2010-11-17 12:39:50', 1, '2010-11-25 02:22:19'),
(56, 19, 2, 3, 1, '2010-11-17 12:39:50', 1, '2010-11-25 02:22:19'),
(57, 19, 3, 3, 1, '2010-11-17 12:39:50', 1, '2010-11-25 02:22:19'),
(58, 20, 1, 1, 1, '2010-11-17 12:40:02', 1, '2010-11-25 02:21:07'),
(59, 20, 2, 2, 1, '2010-11-17 12:40:02', 1, '2010-11-25 02:21:07'),
(60, 20, 3, 2, 1, '2010-11-17 12:40:02', 1, '2010-11-25 02:21:07'),
(61, 21, 1, 1, 1, '2010-11-17 12:40:02', 1, '2010-11-25 02:21:07'),
(62, 21, 2, 2, 1, '2010-11-17 12:40:02', 1, '2010-11-25 02:21:07'),
(63, 21, 3, 2, 1, '2010-11-17 12:40:02', 1, '2010-11-25 02:21:07'),
(64, 22, 1, 1, 1, '2010-11-17 12:40:02', 1, '2010-11-25 02:21:07'),
(65, 22, 2, 2, 1, '2010-11-17 12:40:02', 1, '2010-11-25 02:21:07'),
(66, 22, 3, 2, 1, '2010-11-17 12:40:02', 1, '2010-11-25 02:21:07'),
(67, 23, 1, 1, 1, '2010-11-17 12:40:02', 1, '2010-11-25 02:21:07'),
(68, 23, 2, 2, 1, '2010-11-17 12:40:02', 1, '2010-11-25 02:21:07'),
(69, 23, 3, 2, 1, '2010-11-17 12:40:02', 1, '2010-11-25 02:21:07'),
(70, 24, 1, 1, 1, '2010-11-17 12:40:02', 1, '2010-11-25 02:21:07'),
(71, 24, 2, 2, 1, '2010-11-17 12:40:02', 1, '2010-11-25 02:21:07'),
(72, 24, 3, 2, 1, '2010-11-17 12:40:02', 1, '2010-11-25 02:21:07'),
(73, 25, 1, 1, 1, '2010-11-17 12:40:02', 1, '2010-11-25 02:21:07'),
(74, 25, 2, 2, 1, '2010-11-17 12:40:02', 1, '2010-11-25 02:21:07'),
(75, 25, 3, 2, 1, '2010-11-17 12:40:02', 1, '2010-11-25 02:21:07');

INSERT INTO `role_transaction_type_authorization` (`role_transaction_type_authorization_id`, `role_id`, `transaction_type_id`, `authorization_level_id`, `created_by`, `creation_date`, `modified_by`, `modified_date`) VALUES
(1, 2, 1, 1, 1, '2010-11-17 12:30:42', 7, '2011-11-10 00:40:59'),
(2, 2, 2, 1, 1, '2010-11-17 12:30:42', 7, '2011-11-10 00:40:59'),
(3, 2, 3, 1, 1, '2010-11-17 12:30:42', 7, '2011-11-10 00:40:59'),
(4, 2, 8, 1, 1, '2010-11-17 12:30:42', 7, '2011-11-10 00:40:59'),
(5, 2, 9, 1, 1, '2010-11-17 12:30:42', 7, '2011-11-10 00:40:59'),
(6, 2, 5, 1, 1, '2010-11-17 12:30:42', 7, '2011-11-10 00:40:59'),
(7, 2, 4, 1, 1, '2010-11-17 12:30:42', 7, '2011-11-10 00:40:59'),
(8, 2, 10, 1, 1, '2010-11-17 12:30:42', 7, '2011-11-10 00:40:59'),
(9, 2, 11, 1, 1, '2010-11-17 12:30:42', 7, '2011-11-10 00:40:59'),
(10, 3, 1, 1, 1, '2010-11-17 12:39:50', 1, '2010-11-25 02:22:20'),
(11, 3, 2, 1, 1, '2010-11-17 12:39:50', 1, '2010-11-25 02:22:20'),
(12, 3, 3, 1, 1, '2010-11-17 12:39:50', 1, '2010-11-25 02:22:20'),
(13, 3, 8, 3, 1, '2010-11-17 12:39:50', 1, '2010-11-25 02:22:20'),
(14, 3, 9, 3, 1, '2010-11-17 12:39:50', 1, '2010-11-25 02:22:20'),
(15, 3, 5, 3, 1, '2010-11-17 12:39:50', 1, '2010-11-25 02:22:20'),
(16, 3, 4, 3, 1, '2010-11-17 12:39:50', 1, '2010-11-25 02:22:20'),
(17, 3, 10, 3, 1, '2010-11-17 12:39:50', 1, '2010-11-25 02:22:20'),
(18, 3, 11, 3, 1, '2010-11-17 12:39:50', 1, '2010-11-25 02:22:20'),
(19, 4, 1, 1, 1, '2010-11-17 12:40:02', 1, '2010-11-25 02:21:07'),
(20, 4, 2, 1, 1, '2010-11-17 12:40:02', 1, '2010-11-25 02:21:07'),
(21, 4, 3, 1, 1, '2010-11-17 12:40:02', 1, '2010-11-25 02:21:07'),
(22, 4, 8, 3, 1, '2010-11-17 12:40:02', 1, '2010-11-25 02:21:07'),
(23, 4, 9, 3, 1, '2010-11-17 12:40:02', 1, '2010-11-25 02:21:07'),
(24, 4, 5, 1, 1, '2010-11-17 12:40:02', 1, '2010-11-25 02:21:07'),
(25, 4, 4, 1, 1, '2010-11-17 12:40:02', 1, '2010-11-25 02:21:07'),
(26, 4, 10, 3, 1, '2010-11-17 12:40:02', 1, '2010-11-25 02:21:07'),
(27, 4, 11, 3, 1, '2010-11-17 12:40:02', 1, '2010-11-25 02:21:07');

INSERT INTO `shipment` (`shipment_id`, `shipment_number`, `transaction_id`, `from_company_id`, `from_contact_id`, `from_address_id`, `to_company_id`, `to_contact_id`, `to_address_id`, `courier_id`, `tracking_number`, `ship_date`, `shipped_flag`, `created_by`, `creation_date`, `modified_by`, `modified_date`) VALUES
(1, '1000', 10, 2, 3, 2, 5, 6, 6, NULL, '', '2010-11-24', '1', 5, '2010-11-24 15:52:30', 5, '2010-11-25 02:52:30');

INSERT INTO `shipment_custom_field_helper` (`shipment_id`) VALUES
(1);


INSERT INTO `shortcut` (`shortcut_id`, `module_id`, `authorization_id`, `transaction_type_id`, `short_description`, `link`, `image_path`, `entity_qtype_id`, `create_flag`) VALUES
(1, 2, 2, NULL, 'Create Asset Model', '../assets/asset_model_edit.php', 'asset_model_create.png', 4, 1),
(2, 2, 1, NULL, 'Asset Models', '../assets/asset_model_list.php', 'asset_model.png', 4, 0),
(3, 2, 2, NULL, 'Create Asset', '../assets/asset_edit.php', 'asset_create.png', 1, 1),
(4, 2, 1, NULL, 'Assets', '../assets/asset_list.php', 'asset.png', 1, 0),
(5, 2, 2, 1, 'Move Assets', '../assets/asset_edit.php?intTransactionTypeId=1', 'asset_move.png', 1, 0),
(6, 2, 2, 3, 'Check Out Assets', '../assets/asset_edit.php?intTransactionTypeId=3', 'asset_checkout.png', 1, 0),
(7, 2, 2, 2, 'Check In Assets', '../assets/asset_edit.php?intTransactionTypeId=2', 'asset_checkin.png', 1, 0),
(8, 2, 2, 8, 'Reserve Assets', '../assets/asset_edit.php?intTransactionTypeId=8', 'asset_reserve.png', 1, 0),
(9, 3, 2, NULL, 'Create Inventory', '../inventory/inventory_edit.php', 'inventory_create.png', 2, 1),
(10, 3, 1, NULL, 'Inventory', '../inventory/inventory_model_list.php', 'inventory.png', 2, 0),
(11, 3, 2, 1, 'Move Inventory', '../inventory/inventory_edit.php?intTransactionTypeId=1', 'inventory_move.png', 2, 0),
(12, 3, 2, 5, 'Take Out Inventory', '../inventory/inventory_edit.php?intTransactionTypeId=5', 'inventory_takeout.png', 2, 0),
(13, 3, 2, 4, 'Restock Inventory', '../inventory/inventory_edit.php?intTransactionTypeId=4', 'inventory_restock.png', 2, 0),
(14, 4, 2, NULL, 'Create Company', '../contacts/company_edit.php', 'company_create.png', 7, 1),
(15, 4, 1, NULL, 'Companies', '../contacts/company_list.php', 'company.png', 7, 0),
(16, 4, 2, NULL, 'Create Contact', '../contacts/contact_edit.php', 'contact_create.png', 8, 1),
(17, 4, 1, NULL, 'Contacts', '../contacts/contact_list.php', 'contact.png', 8, 0),
(18, 5, 2, NULL, 'Schedule Shipment', '../shipping/shipment_edit.php', 'shipment_schedule.png', 10, 1),
(19, 5, 1, NULL, 'Shipments', '../shipping/shipment_list.php', 'shipment.png', 10, 0),
(20, 6, 2, NULL, 'Schedule Receipt', '../receiving/receipt_edit.php', 'receipt_schedule.png', 11, 1),
(21, 6, 1, NULL, 'Receipts', '../receiving/receipt_list.php', 'receipt.png', 11, 0),
(22, 7, 1, NULL, 'Asset Audit Reports', '../reports/asset_audit_list.php', 'receipt.png', 1, 0),
(23, 7, 1, NULL, 'Inventory Audit Reports', '../reports/inventory_audit_list.php', 'receipt.png', 2, 0),
(24, 7, 1, NULL, 'Asset Transaction Report', '../reports/asset_transaction_report.php', 'asset.png', 1, 0),
(25, 2, 2, 10, 'Archive Assets', '../assets/asset_edit.php?intTransactionTypeId=10', 'asset_archive.png', 1, 0),
(26, 2, 2, 11, 'Unarchive Assets', '../assets/asset_edit.php?intTransactionTypeId=11', 'asset_unarchive.png', 1, 0),
(27, 4, 2, NULL, 'Import Companies', '../contacts/company_import.php', 'company_import.png', 7, 1),
(28, 4, 2, NULL, 'Import Contacts', '../contacts/contact_import.php', 'contact_import.png', 8, 1);

INSERT INTO `state_province` (`state_province_id`, `country_id`, `short_description`, `abbreviation`) VALUES
(1, 228, 'Alabama', 'AL'),
(2, 228, 'Alaska', 'AK'),
(3, 228, 'Arizona', 'AZ'),
(4, 228, 'Arkansas', 'AR'),
(5, 228, 'California', 'CA'),
(6, 228, 'Colorado', 'CO'),
(7, 228, 'Connecticut', 'CT'),
(8, 228, 'Delaware', 'DE'),
(9, 228, 'District of Columbia', 'DC'),
(10, 228, 'Florida', 'FL'),
(11, 228, 'Georgia', 'GA'),
(12, 228, 'Hawaii', 'HI'),
(13, 228, 'Idaho', 'ID'),
(14, 228, 'Illinois', 'IL'),
(15, 228, 'Indiana', 'IN'),
(16, 228, 'Iowa', 'IA'),
(17, 228, 'Kansas', 'KS'),
(18, 228, 'Kentucky', 'KY'),
(19, 228, 'Louisiana', 'LA'),
(20, 228, 'Maine', 'ME'),
(21, 228, 'Maryland', 'MD'),
(22, 228, 'Massachusetts', 'MA'),
(23, 228, 'Michigan', 'MI'),
(24, 228, 'Minnesota', 'MN'),
(25, 228, 'Mississippi', 'MS'),
(26, 228, 'Missouri', 'MO'),
(27, 228, 'Montana', 'MT'),
(28, 228, 'Nebraska', 'NE'),
(29, 228, 'Nevada', 'NV'),
(30, 228, 'New Hampshire', 'NH'),
(31, 228, 'New Jersey', 'NJ'),
(32, 228, 'New Mexico', 'NM'),
(33, 228, 'New York', 'NY'),
(34, 228, 'North Carolina', 'NC'),
(35, 228, 'North Dakota', 'ND'),
(36, 228, 'Ohio', 'OH'),
(37, 228, 'Oklahoma', 'OK'),
(38, 228, 'Oregon', 'OR'),
(39, 228, 'Pennsylvania', 'PA'),
(40, 228, 'Rhode Island', 'RI'),
(41, 228, 'South Carolina', 'SC'),
(42, 228, 'South Dakota', 'SD'),
(43, 228, 'Tennessee', 'TN'),
(44, 228, 'Texas', 'TX'),
(45, 228, 'Utah', 'UT'),
(46, 228, 'Vermont', 'VT'),
(47, 228, 'Virginia', 'VA'),
(48, 228, 'Washington', 'WA'),
(49, 228, 'West Virginia', 'WV'),
(50, 228, 'Wisconsin', 'WI'),
(51, 228, 'Wyoming', 'WY'),
(52, 38, 'Alberta', 'AB'),
(53, 38, 'British Columbia', 'BC'),
(54, 38, 'Manitoba', 'MB'),
(55, 38, 'New Brunswick', 'NB'),
(56, 38, 'Newfoundland', 'NF'),
(57, 38, 'Northwest Territories / Nunavut', 'NT'),
(58, 38, 'Nova Scotia', 'NS'),
(59, 38, 'Ontario', 'ON'),
(60, 38, 'Prince Edward Island', 'PE'),
(61, 38, 'Quebec', 'PQ'),
(62, 38, 'Saskatchewan', 'SK'),
(63, 38, 'Yukon', 'YT'),
(64, 135, 'Aguascalientes', 'AG'),
(65, 135, 'Baja California Norte', 'BC'),
(66, 135, 'Baja California Sur', 'BS'),
(67, 135, 'Chihuahua', 'CH'),
(68, 135, 'Colima', 'CL'),
(69, 135, 'Campeche', 'CM'),
(70, 135, 'Coahuila', 'CO'),
(71, 135, 'Chiapas', 'CS'),
(72, 135, 'Distrito Federal', 'DF'),
(73, 135, 'Durango', 'DG'),
(74, 135, 'Guerrero', 'GR'),
(75, 135, 'Guanajuato', 'GT'),
(76, 135, 'Hidalgo', 'HG'),
(77, 135, 'Jalisco', 'JA'),
(78, 135, 'Michoacan', 'MI'),
(79, 135, 'Morelos', 'MO'),
(80, 135, 'Estado de Mexico', 'MX'),
(81, 135, 'Nayarit', 'NA'),
(82, 135, 'Nuevo Leon', 'NL'),
(83, 135, 'Oaxaca', 'OA'),
(84, 135, 'Puebla', 'PU'),
(85, 135, 'Quintana Roo', 'QR'),
(86, 135, 'Queretaro', 'QT'),
(87, 135, 'Sinaloa', 'SI'),
(88, 135, 'San Luis Potosi', 'SL'),
(89, 135, 'Sonora', 'SO'),
(90, 135, 'Tabasco', 'TB'),
(91, 135, 'Tlaxcala', 'TL'),
(92, 135, 'Tamaulipas', 'TM'),
(93, 135, 'Veracruz', 'VE'),
(94, 135, 'Yucatan', 'YU'),
(95, 135, 'Zacatecas', 'ZA');

INSERT INTO `transaction` (`transaction_id`, `entity_qtype_id`, `transaction_type_id`, `note`, `created_by`, `creation_date`, `modified_by`, `modified_date`) VALUES
(1, 1, 1, 'Warehouse move', 5, '2010-11-24 15:30:44', NULL, NULL),
(2, 1, 1, 'Warehouse move', 5, '2010-11-24 15:31:49', NULL, NULL),
(3, 1, 3, 'Warehouse move', 5, '2010-11-24 15:32:14', NULL, NULL),
(4, 1, 2, 'Warehouse move', 5, '2010-11-24 15:32:33', NULL, NULL),
(5, 1, 3, '760-754-3288', 5, '2010-11-24 15:43:27', NULL, NULL),
(6, 1, 2, '760-754-3288', 5, '2010-11-24 15:43:42', NULL, NULL),
(7, 1, 1, '760-754-3288', 5, '2010-11-24 15:44:12', NULL, NULL),
(8, 1, 3, 'Tradeshow', 5, '2010-11-24 15:47:15', NULL, NULL),
(9, 1, 8, 'Tradeshow', 5, '2010-11-24 15:47:43', NULL, NULL),
(10, 1, 6, 'Needs to be repaired', 5, '2010-11-24 15:52:30', NULL, NULL),
(11, 1, 7, 'This return receipt was automatically created when creating Shipment Number 1000.', 5, '2010-11-24 15:52:30', NULL, NULL),
(12, 1, 3, 'test', 1, '2011-09-09 13:15:06', NULL, NULL),
(14, 2, 4, '', 1, '2011-09-19 11:58:53', NULL, NULL),
(15, 2, 4, '', 1, '2011-09-19 11:59:05', NULL, NULL),
(16, 2, 4, 'test', 1, '2011-11-08 11:28:30', NULL, NULL);

INSERT INTO `transaction_type` (`transaction_type_id`, `short_description`, `asset_flag`, `inventory_flag`) VALUES
(1, 'Move', '1', '1'),
(2, 'Check In', '1', '0'),
(3, 'Check Out', '1', '0'),
(4, 'Restock', '0', '1'),
(5, 'Take Out', '0', '1'),
(6, 'Ship', '1', '1'),
(7, 'Receive', '1', '1'),
(8, 'Reserve', '1', '0'),
(9, 'Unreserve', '1', '0'),
(10, 'Archive', '1', '0'),
(11, 'Unarchive', '1', '0');

INSERT INTO `user_account` (`user_account_id`, `first_name`, `last_name`, `username`, `password_hash`, `email_address`, `active_flag`, `admin_flag`, `portable_access_flag`, `portable_user_pin`, `role_id`, `created_by`, `creation_date`, `modified_by`, `modified_date`) VALUES
(1, 'Demo', 'User', 'demo', '89e495e7941cf9e40e6980d14a16bf023ccd4c91', 'demo@nowhere.com', '0', '1', '0', NULL, 1, 1, '2010-11-17 20:13:15', 1, '2011-11-17 02:45:12'),
(2, 'Ronald', 'McDonald', 'ronald', '9d270ca213048cc46f762591f54b6a0d59390996', 'ronald@nowhere.com', '1', '0', '0', NULL, 2, 1, '2010-11-17 12:41:07', 7, '2011-11-10 00:37:42'),
(3, 'Damien', 'Thompson', 'damien', '99e6b749acbfbe2a596df99e91d24d6e1fdbee00', 'damien@nowhere.com', '1', '0', '0', NULL, 3, 1, '2010-11-17 12:41:34', NULL, NULL),
(4, 'Frank', 'LeBlanc', 'frank', '86a8c2da8527a1c6978bdca6d7986fe14ae147fe', 'frank@nowhere.com', '1', '0', '0', NULL, 4, 1, '2010-11-17 12:42:02', NULL, NULL),
(5, 'Susan', 'Samsonite', 'susan', '89e495e7941cf9e40e6980d14a16bf023ccd4c91', 'susan@nowhere.com', '1', '0', '0', NULL, 2, 1, '2010-11-17 12:42:27', 1, '2010-11-25 02:26:18'),
(6, 'Victoria', 'Swanson', 'victoria', 'd714d8456935fa20e60bd9e661423cb2583c79d9', 'victoria@nowhere.com', '1', '0', '0', NULL, 3, 1, '2010-11-17 12:42:57', NULL, NULL),
(7, 'More ', 'Info', 'Info', '5baa61e4c9b93f3f0682250b6cf8331b7ee68fd8', '', '0', '1', '0', NULL, 1, 1, '2011-09-26 12:30:08', 1, '2011-11-17 02:44:31'),
(8, 'Hamish', 'Dunn', 'Hamish', 'ba6007ef2b175bd7c8b467d3f2623734115a7533', '', '1', '1', '0', NULL, 1, 1, '2011-11-16 15:45:05', NULL, NULL),
(9, 'Thomas', 'Heidenreich', 'Thomas', '5f50a84c1fa3bcff146405017f36aec1a10a9e38', '', '1', '1', '0', NULL, 1, 8, '2011-11-18 10:01:07', NULL, NULL),
(10, 'John', 'Watson', 'admin', 'd033e22ae348aeb5660fc2140aec35850c4da997', 'admin@gmail.com', '1', '1', '1', NULL, 1, 1, '2011-11-18 10:01:07', NULL, NULL);

SET FOREIGN_KEY_CHECKS = 1;